SYMBOL,NAME OF COMPANY,Status,Last_Price(5d)
AACG,ATA Creativity Global American Depositary Shares,Listed,0.94
AACI,Armada Acquisition Corp. I Common Stock,Listed,10.19
AAGR,African Agriculture Holdings Inc. Common Stock,Listed,0
AAL,American Airlines Group Inc. Common Stock,Listed,14.96
AAME,Atlantic American Corporation Common Stock,Listed,2.48
AAOI,Applied Optoelectronics Inc. Common Stock,Listed,32.06
AAON,AAON Inc. Common Stock,Listed,77.93
AAPL,Apple Inc. Common Stock,Listed,278.28
ABAT,American Battery Technology Company Common Stock,Listed,4.09
ABCB,Ameris Bancorp Common Stock,Listed,77.95
ABCL,AbCellera Biologics Inc. Common Shares,Listed,3.62
ABEO,Abeona Therapeutics Inc. Common Stock,Listed,5.36
ABL,Abacus Life Inc. Class A Common Stock,Listed,8.3
ABLLL,Abacus Life Inc. 9.875% Fixed Rate Senior Notes due 2028,Listed,25.35
ABLV,Able View Global Inc. Class B Ordinary Shares,Listed,0.83
ABNB,Airbnb Inc. Class A Common Stock,Listed,128.39
ABOS,Acumen Pharmaceuticals Inc. Common Stock,Listed,2.14
ABSI,Absci Corporation Common Stock,Listed,3.64
ABTS,Abits Group Inc Ordinary Shares,Listed,5.78
ABUS,Arbutus Biopharma Corporation Common Stock,Listed,4.71
ABVC,ABVC BioPharma Inc. Common Stock,Listed,2.11
ABVX,Abivax SA American Depositary Shares,Listed,125.54
ACAD,ACADIA Pharmaceuticals Inc. Common Stock,Listed,27.15
ACB,Aurora Cannabis Inc. Common Shares,Listed,5.4
ACDC,ProFrac Holding Corp. Class A Common Stock,Listed,4.16
ACET,Adicet Bio Inc. Common Stock ,Listed,0.5
ACGL,Arch Capital Group Ltd. Common Stock,Listed,93.92
ACGLN,Arch Capital Group Ltd. Depositary Shares each Representing a 1/1000th Interest in a 4.550% Non-Cumulative Preferred Share Series G,Listed,17.23
ACGLO,Arch Capital Group Ltd. Depositary Shares Each Representing 1/1000th Interest in a Share of 5.45% Non-Cumulative Preferred Shares Series F,Listed,21.09
ACHC,Acadia Healthcare Company Inc. Common Stock,Listed,14.28
ACHV,Achieve Life Sciences Inc. Common Shares,Listed,4.64
ACIC,American Coastal Insurance Corporation Common Stock,Listed,12.67
ACIU,AC Immune SA Common Stock,Listed,3.15
ACIW,ACI Worldwide Inc. Common Stock,Listed,47.53
ACLS,Axcelis Technologies Inc. Common Stock,Listed,85.61
ACLX,Arcellx Inc. Common Stock,Listed,71.86
ACMR,ACM Research Inc. Class A Common Stock,Listed,38.83
ACNB,ACNB Corporation Common Stock,Listed,51.66
ACNT,Ascent Industries Co. Common Stock,Listed,15.56
ACON,Aclarion Inc. Common Stock,Listed,6.44
ACONW,Aclarion Inc. Warrant,Listed,0.04
ACRS,Aclaris Therapeutics Inc. Common Stock,Listed,3.25
ACRV,Acrivon Therapeutics Inc. Common Stock,Listed,2.53
ACT,Enact Holdings Inc. Common Stock,Listed,39.74
ACTG,Acacia Research Corporation (Acacia Tech) Common Stock,Listed,3.85
ACVA,ACV Auctions Inc. Class A Common Stock,Listed,7.99
ACXP,Acurx Pharmaceuticals Inc. Common Stock,Listed,4.07
ADAG,Adagene Inc. American Depositary Shares,Listed,1.75
ADAP,Adaptimmune Therapeutics plc American Depositary Shares,Listed,0.05
ADBE,Adobe Inc. Common Stock,Listed,356.43
ADEA,Adeia Inc. Common Stock,Listed,13.1
ADI,Analog Devices Inc. Common Stock,Listed,279.32
ADIL,Adial Pharmaceuticals Inc Common Stock,Listed,0.3
ADMA,ADMA Biologics Inc Common Stock,Listed,19.78
ADN,Advent Technologies Holdings Inc. Class A Common Stock,Listed,0.54
ADNWW,Advent Technologies Holdings Inc. Warrant,Listed,0
ADP,Automatic Data Processing Inc. Common Stock,Listed,266.1
ADPT,Adaptive Biotechnologies Corporation Common Stock,Listed,15.44
ADSE,ADS-TEC ENERGY PLC Ordinary Shares,Listed,12.47
ADSEW,ADS-TEC ENERGY PLC Warrant,Listed,0.8
ADSK,Autodesk Inc. Common Stock,Listed,297.64
ADTN,ADTRAN Holdings Inc. Common Stock,Listed,8.31
ADTX,Aditxt Inc. Common Stock,Listed,2.24
ADUS,Addus HomeCare Corporation Common Stock,Listed,114.59
ADV,Advantage Solutions Inc. Class A Common Stock,Listed,0.9
ADVM,Adverum Biotechnologies Inc. Common Stock,Listed,4.36
ADXN,Addex Therapeutics Ltd American Depositary Shares,Listed,8.1
AEAE,AltEnergy Acquisition Corp. Class A Common Stock,Listed,12.01
AEHL,Antelope Enterprise Holdings Limited Class A Ordinary Shares,Listed,3.06
AEHR,Aehr Test Systems Common Stock,Listed,24.48
AEI,Alset Inc. Common Stock (TX),Listed,3.07
AEIS,Advanced Energy Industries Inc. Common Stock,Listed,215.07
AEMD,Aethlon Medical Inc. Common Stock,Listed,3.4
AENT,Alliance Entertainment Holding Corporation Class A Common Stock,Listed,7.21
AEP,American Electric Power Company Inc. Common Stock,Listed,114.13
AERT,Aeries Technology Inc. Class A Ordinary Share,Listed,0.57
AERTW,Aeries Technology Inc. Warrant,Listed,0.04
AEYE,AudioEye Inc. Common Stock,Listed,12.49
AFBI,Affinity Bancshares Inc. Common Stock (MD),Listed,20.1
AFCG,AFC Gamma Inc. Common Stock,Listed,3.52
AFRI,Forafric Global PLC Ordinary Shares,Listed,11
AFRIW,Forafric Global PLC Warrants,Listed,1.15
AFRM,Affirm Holdings Inc. Class A Common Stock,Listed,67.25
AFYA,Afya Limited Class A Common Shares,Listed,14.55
AGAE,Allied Gaming & Entertainment Inc. Common Stock,Listed,0.38
AGEN,Agenus Inc. Common Stock,Listed,3.79
AGIO,Agios Pharmaceuticals Inc. Common Stock,Listed,27.27
AGMH,AGM Group Holdings Inc. Class A Ordinary Shares,Listed,2.8
AGNC,AGNC Investment Corp. Common Stock,Listed,10.32
AGNCL,AGNC Investment Corp. Depositary Shares Each Representing a 1/1000th Interest in a Share of 7.75% Series G Fixed-Rate Reset Cumulative Redeemable Preferred Stock,Listed,24.77
AGNCM,AGNC Investment Corp. Depositary Shares rep 6.875% Series D Fixed-to-Floating Cumulative Redeemable Preferred Stock,Listed,24.75
AGNCN,AGNC Investment Corp. Depositary Shares Each Representing a 1/1000th Interest in a Share of 7.00% Series C Fixed-To-Floating Rate Cumulative Redeemable Preferred Stock,Listed,25.57
AGNCO,AGNC Investment Corp. Depositary Shares each representing a 1/1000th interest in a share of 6.50% Series E Fixed-to-Floating Cumulative Redeemable Preferred Stock,Listed,25.34
AGNCP,AGNC Investment Corp. Depositary Shares Each Representing a 1/1000th Interest in a Share of 6.125% Series F Fixed-to-Floating Rate Cumulative Redeemable Preferred Stock,Listed,25
AGRI,AgriFORCE  Growing Systems Ltd. Common Shares,Listed,1.58
AGYS,Agilysys Inc. Common Stock (DE),Listed,124.8
AHCO,AdaptHealth Corp. Common Stock,Listed,10.4
AHG,Akso Health Group ADS,Listed,1.35
AIHS,Senmiao Technology Limited Common Stock,Listed,1.35
AILE,iLearningEngines Inc. Common Stock,Listed,0.42
AIMD,Ainos Inc. Common Stock,Listed,2.27
AIMDW,Ainos Inc. Warrants,Listed,0.1
AIP,Arteris Inc. Common Stock,Listed,16.29
AIRE,reAlpha Tech Corp. Common Stock,Listed,0.5
AIRG,Airgain Inc. Common Stock,Listed,4.05
AIRJ,Montana Technologies Corporation Class A Common Stock,Listed,3.37
AIRJW,Montana Technologies Corporation Warrant,Listed,0.78
AIRS,AirSculpt Technologies Inc. Common Stock,Listed,2.6
AIRT,Air T Inc. Common Stock,Listed,20.01
AIRTP,Air T Inc. Air T Funding Alpha Income Trust Preferred Securities,Listed,19.8
AISP,Airship AI Holdings Inc. Class A Common Stock,Listed,3.06
AISPW,Airship AI Holdings Inc. Warrants,Listed,1.02
AIXI,XIAO-I Corporation American Depositary Shares,Listed,0.59
AKAM,Akamai Technologies Inc. Common Stock,Listed,85.88
AKAN,Akanda Corp. Common Shares,Listed,0.94
AKBA,Akebia Therapeutics Inc. Common Stock,Listed,1.66
AKRO,Akero Therapeutics Inc. Common Stock,Listed,54.65
AKTX,Akari Therapeutics plc ADS,Listed,0.39
ALAB,Astera Labs Inc. Common Stock,Listed,148.85
ALAR,Alarum Technologies Ltd. American Depositary Share,Listed,7.61
ALBT,Avalon GloboCare Corp. Common Stock,Listed,1.34
ALCE,Alternus Clean Energy Inc. Class A Common Stock,Listed,0.03
ALCO,Alico Inc. Common Stock,Listed,37.69
ALCY,Alchemy Investments Acquisition Corp 1 Class A Ordinary Shares,Listed,11.75
ALCYW,Alchemy Investments Acquisition Corp 1 Warrants,Listed,0.12
ALDX,Aldeyra Therapeutics Inc. Common Stock,Listed,4.54
ALEC,Alector Inc. Common Stock,Listed,1.49
ALGM,Allegro MicroSystems Inc. Common Stock,Listed,27.11
ALGN,Align Technology Inc. Common Stock,Listed,165.43
ALGS,Aligos Therapeutics Inc. Common Stock,Listed,13.3
ALGT,Allegiant Travel Company Common Stock,Listed,85.86
ALHC,Alignment Healthcare Inc. Common Stock,Listed,19.36
ALKS,Alkermes plc Ordinary Shares,Listed,28.5
ALKT,Alkami Technology Inc. Common Stock,Listed,22.29
ALLO,Allogene Therapeutics Inc. Common Stock,Listed,1.51
ALLR,Allarity Therapeutics Inc. Common Stock,Listed,1.14
ALLT,Allot Ltd. Ordinary Shares,Listed,9.86
ALNT,Allient Inc. Common Stock,Listed,55.4
ALNY,Alnylam Pharmaceuticals Inc. Common Stock,Listed,397.55
ALOT,AstroNova Inc. Common Stock,Listed,8.13
ALPP,Alpine 4 Holdings Inc. Class A Common Stock,Listed,0
ALRM,Alarm.com Holdings Inc. Common Stock,Listed,52.16
ALRS,Alerus Financial Corporation Common Stock,Listed,23.48
ALT,Altimmune Inc. Common Stock,Listed,5.27
ALTI,AlTi Global Inc. Class A Common Stock,Listed,5.14
ALTO,Alto Ingredients Inc. Common Stock,Listed,2.5
ALVO,Alvotech Ordinary Shares,Listed,5.57
ALVOW,Alvotech Warrant,Listed,0.85
ALXO,ALX Oncology Holdings Inc. Common Stock,Listed,1.47
ALZN,Alzamend Neuro Inc. Common Stock,Listed,2.17
AMAL,Amalgamated Financial Corp. Common Stock (DE),Listed,31.99
AMAT,Applied Materials Inc. Common Stock,Listed,259.21
AMBA,Ambarella Inc. Ordinary Shares,Listed,75.28
AMCX,AMC Networks Inc. Class A Common Stock,Listed,10.01
AMD,Advanced Micro Devices Inc. Common Stock,Listed,210.78
AMGN,Amgen Inc. Common Stock,Listed,317.74
AMIX,Autonomix Medical Inc. Common Stock,Listed,0.73
AMKR,Amkor Technology Inc. Common Stock,Listed,44.31
AMLX,Amylyx Pharmaceuticals Inc. Common Stock,Listed,13.1
AMPG,Amplitech Group Inc. Common Stock,Listed,3.08
AMPGW,Amplitech Group Inc. Warrants,Listed,0.18
AMPH,Amphastar Pharmaceuticals Inc. Common Stock,Listed,25.27
AMPL,Amplitude Inc. Class A Common Stock,Listed,11.25
AMRK,A-Mark Precious Metals Inc. Common Stock,Listed,31.72
AMRN,Amarin Corporation plc,Listed,14.36
AMRX,Amneal Pharmaceuticals Inc. Class A Common Stock,Listed,12.21
AMSC,American Superconductor Corporation Common Stock,Listed,31.07
AMSF,AMERISAFE Inc. Common Stock,Listed,39.18
AMST,Amesite Inc. Common Stock,Listed,2.57
AMTX,Aemetis Inc. (DE) Common Stock,Listed,1.47
AMWD,American Woodmark Corporation Common Stock,Listed,57.21
AMZN,Amazon.com Inc. Common Stock,Listed,226.19
ANAB,AnaptysBio Inc. Common Stock,Listed,44.94
ANDE,Andersons Inc. (The) Common Stock,Listed,53.99
ANEB,Anebulo Pharmaceuticals Inc. Common Stock,Listed,2.29
ANGH,Anghami Inc. Ordinary Shares,Listed,2.52
ANGHW,Anghami Inc. Warrants,Listed,0.01
ANGI,Angi Inc. Class A Common Stock,Listed,13.28
ANGO,AngioDynamics Inc. Common Stock,Listed,13.14
ANIK,Anika Therapeutics Inc. Common Stock,Listed,9.56
ANIP,ANI Pharmaceuticals Inc.,Listed,80.39
ANIX,Anixa Biosciences Inc. Common Stock,Listed,3.58
ANL,Adlai Nortye Ltd. American Depositary Shares,Listed,1.38
ANNX,Annexon Inc. Common Stock,Listed,4.97
ANSC,Agriculture & Natural Solutions Acquisition Corporation Class A Ordinary Shares,Listed,11.17
ANSCU,Agriculture & Natural Solutions Acquisition Corporation Unit,Listed,10.87
ANSCW,Agriculture & Natural Solutions Acquisition Corporation Warrant,Listed,0.35
ANTX,AN2 Therapeutics Inc. Common Stock,Listed,1.2
ANY,Sphere 3D Corp. Common Shares,Listed,0.43
AOGO,Arogo Capital Acquisition Corp. Class A Common Stock,Listed,12
AONC,American Oncology Network Inc. Class A Common Stock,Listed,11.12
AOSL,Alpha and Omega Semiconductor Limited Common Shares,Listed,20.35
AOUT,American Outdoor Brands Inc. Common Stock ,Listed,7.89
APA,APA Corporation Common Stock,Listed,25.93
APCX,AppTech Payments Corp. Common Stock,Listed,0.4
APEI,American Public Education Inc. Common Stock,Listed,36.93
APGE,Apogee Therapeutics Inc. Common Stock,Listed,77.08
API,Agora Inc. American Depositary Shares,Listed,3.92
APLD,Applied Digital Corporation Common Stock,Listed,27.86
APLM,Apollomics Inc. Class A Ordinary Shares,Listed,16.05
APLMW,Apollomics Inc. Warrant,Listed,0.03
APLS,Apellis Pharmaceuticals Inc. Common Stock,Listed,25.23
APLT,Applied Therapeutics Inc. Common Stock,Listed,0.12
APM,Aptorum Group Limited Class A Ordinary Shares,Listed,1.3
APOG,Apogee Enterprises Inc. Common Stock,Listed,39.99
APP,Applovin Corporation Class A Common Stock,Listed,670.67
APPF,AppFolio Inc. Class A Common Stock,Listed,231.43
APPN,Appian Corporation Class A Common Stock,Listed,37.83
APPS,Digital Turbine Inc. Common Stock,Listed,4.79
APRE,Aprea Therapeutics Inc. Common stock,Listed,0.93
APVO,Aptevo Therapeutics Inc. Common Stock,Listed,1.13
APWC,Asia Pacific Wire & Cable Corporation Ltd. Ordinary Shares (Bermuda),Listed,1.77
APYX,Apyx Medical Corporation Common Stock,Listed,3.86
AQB,AquaBounty Technologies Inc. Common Stock,Listed,0.93
AQMS,Aqua Metals Inc. Common Stock,Listed,6.45
AQST,Aquestive Therapeutics Inc. Common Stock,Listed,6.21
ARAY,Accuray Incorporated Common Stock,Listed,1.06
ARBB,ARB IOT Group Limited Ordinary Shares,Listed,7.24
ARBE,Arbe Robotics Ltd. Ordinary Shares,Listed,1.23
ARBEW,Arbe Robotics Ltd. Warrant,Listed,0.15
ARBK,Argo Blockchain plc American Depositary Shares,Listed,6.87
ARBKL,Argo Blockchain plc 8.75% Senior Notes due 2026,Listed,5.3
ARCB,ArcBest Corporation Common Stock,Listed,76.57
ARCC,Ares Capital Corporation Common Stock,Listed,20.85
ARCT,Arcturus Therapeutics Holdings Inc. Common Stock,Listed,7.46
ARDX,Ardelyx Inc. Common Stock,Listed,6.21
AREB,American Rebel Holdings Inc. Common Stock,Listed,1.05
AREBW,American Rebel Holdings Inc. Warrants,Listed,0.03
AREC,American Resources Corporation Class A Common Stock,Listed,2.57
ARGX,argenx SE American Depositary Shares,Listed,877.94
ARHS,Arhaus Inc. Class A Common Stock,Listed,10.87
ARKO,ARKO Corp. Common Stock,Listed,5.08
ARKR,Ark Restaurants Corp. Common Stock,Listed,6.71
ARLP,Alliance Resource Partners L.P. Common Units representing Limited Partners Interests,Listed,24.13
ARM,Arm Holdings plc American Depositary Shares,Listed,130.89
AROW,Arrow Financial Corporation Common Stock,Listed,32.2
ARQ,Arq Inc. Common Stock,Listed,3.35
ARQQ,Arqit Quantum Inc. Ordinary Shares,Listed,28.35
ARQQW,Arqit Quantum Inc. Warrants,Listed,0.37
ARQT,Arcutis Biotherapeutics Inc. Common Stock,Listed,29.02
ARRY,Array Technologies Inc. Common Stock,Listed,8.52
ARTL,Artelo Biosciences Inc. Common Stock,Listed,1.95
ARTNA,Artesian Resources Corporation Class A Common Stock,Listed,31.97
ARTW,Art's-Way Manufacturing Co. Inc. Common Stock,Listed,2.46
ARVN,Arvinas Inc. Common Stock,Listed,12.58
ARWR,Arrowhead Pharmaceuticals Inc. Common Stock,Listed,70.09
ASLE,AerSale Corporation Common Stock,Listed,6.97
ASMB,Assembly Biosciences Inc. Common Stock,Listed,36.1
ASML,ASML Holding N.V. New York Registry Shares,Listed,1080.85
ASND,Ascendis Pharma A/S American Depositary Shares,Listed,220.42
ASNS,Actelis Networks Inc. Common Stock,Listed,2.46
ASO,Academy Sports and Outdoors Inc. Common Stock,Listed,55.5
ASPI,ASP Isotopes Inc. Common Stock,Listed,5.94
ASPS,Altisource Portfolio Solutions S.A. Common Stock,Listed,6.59
ASRT,Assertio Holdings Inc. Common Stock,Listed,0.76
ASRV,AmeriServ Financial Inc. Common Stock,Listed,3.08
ASST,Asset Entities Inc. Class B Common Stock,Listed,0.86
ASTC,Astrotech Corporation (DE) Common Stock,Listed,4.2
ASTE,Astec Industries Inc. Common Stock,Listed,46.55
ASTH,Astrana Health Inc. Common Stock,Listed,23.47
ASTI,Ascent Solar Technologies Inc. Common Stock,Listed,3.12
ASTL,Algoma Steel Group Inc. Common Shares,Listed,4.53
ASTLW,Algoma Steel Group Inc. Warrant,Listed,0.12
ASTS,AST SpaceMobile Inc. Class A Common Stock,Listed,76.7
ASUR,Asure Software Inc Common Stock,Listed,8.91
ASYS,Amtech Systems Inc. Common Stock,Listed,10.98
ATAI,ATAI Life Sciences N.V. Common Shares,Listed,4.29
ATAT,Atour Lifestyle Holdings Limited American Depositary Shares,Listed,42.76
ATEC,Alphatec Holdings Inc. Common Stock,Listed,19.96
ATER,Aterian Inc. Common Stock,Listed,0.77
ATEX,Anterix Inc. Common Stock,Listed,23
ATGL,Alpha Technology Group Limited Ordinary Shares,Listed,23.7
ATHA,Athira Pharma Inc. Common Stock,Listed,3.87
ATHE,Alterity Therapeutics Limited American Depositary Shares,Listed,3.29
ATLC,Atlanticus Holdings Corporation Common Stock,Listed,65.96
ATLCL,Atlanticus Holdings Corporation 6.125% Senior Notes due 2026,Listed,24.8
ATLCP,Atlanticus Holdings Corporation 7.625% Series B Cumulative Perpetual Preferred Stock no par value per share,Listed,23.86
ATLCZ,Atlanticus Holdings Corporation 9.25% Senior Notes due 2029,Listed,25.29
ATLO,Ames National Corporation Common Stock,Listed,23.88
ATLX,Atlas Lithium Corporation Common Stock,Listed,4.25
ATMC,AlphaTime Acquisition Corp Ordinary Shares,Listed,15.6
ATMV,AlphaVest Acquisition Corp Ordinary Shares,Listed,10.3
ATMVU,AlphaVest Acquisition Corp Unit,Listed,11.54
ATNI,ATN International Inc. Common Stock,Listed,21.85
ATOM,Atomera Incorporated Common Stock,Listed,2.37
ATOS,Atossa Therapeutics Inc. Common Stock,Listed,0.82
ATPC,Agape ATP Corporation Common Stock,Listed,0.13
ATRA,Atara Biotherapeutics Inc. Common Stock,Listed,18
ATRC,AtriCure Inc. Common Stock,Listed,42.38
ATRO,Astronics Corporation Common Stock,Listed,54.4
ATXG,Addentax Group Corp. Common Stock,Listed,0.51
ATXI,Avenue Therapeutics Inc. Common Stock,Listed,0.65
ATXS,Astria Therapeutics Inc. Common Stock,Listed,12.93
AUBN,Auburn National Bancorporation Inc. Common Stock,Listed,24.88
AUDC,AudioCodes Ltd. Common Stock,Listed,9.08
AUID,authID Inc. Common Stock,Listed,1.11
AUPH,Aurinia Pharmaceuticals Inc Ordinary Shares,Listed,15.85
AUR,Aurora Innovation Inc. Class A Common Stock,Listed,4.39
AURA,Aura Biosciences Inc. Common Stock,Listed,6.54
AUROW,Aurora Innovation Inc. Warrant,Listed,0.32
AUTL,Autolus Therapeutics plc American Depositary Share,Listed,1.61
AUUD,Auddia Inc. Common Stock,Listed,1.1
AVAH,Aveanna Healthcare Holdings Inc. Common Stock,Listed,9.02
AVAV,AeroVironment Inc. Common Stock,Listed,239
AVBP,ArriVent BioPharma Inc. Common Stock,Listed,24.42
AVDL,Avadel Pharmaceuticals plc Ordinary Share,Listed,21.36
AVGO,Broadcom Inc. Common Stock,Listed,359.93
AVIR,Atea Pharmaceuticals Inc. Common Stock,Listed,3.15
AVNW,Aviat Networks Inc. Common Stock,Listed,21.27
AVO,Mission Produce Inc. Common Stock,Listed,12.64
AVPT,AvePoint Inc. Class A Common Stock,Listed,13.89
AVT,Avnet Inc. Common Stock,Listed,49.92
AVTX,Avalo Therapeutics Inc. Common Stock,Listed,18.6
AVXL,Anavex Life Sciences Corp. Common Stock,Listed,4.02
AWIN,AERWINS Technologies Inc. Common Stock,Listed,0
AWRE,Aware Inc. Common Stock,Listed,2.11
AXGN,Axogen Inc. Common Stock,Listed,30.39
AXON,Axon Enterprise Inc. Common Stock,Listed,564.28
AXSM,Axsome Therapeutics Inc. Common Stock,Listed,148.17
AXTI,AXT Inc Common Stock,Listed,14.81
AYTU,Aytu BioPharma Inc.  Common Stock,Listed,2.3
AZ,A2Z Smart Technologies Corp. Common Shares,Listed,5.93
AZN,AstraZeneca PLC American Depositary Shares,Listed,89.83
AZTA,Azenta Inc.,Listed,35.3
BACK,IMAC Holdings Inc. Common Stock,Listed,0.18
BAER,Bridger Aerospace Group Holdings Inc. Common Stock,Listed,1.69
BAERW,Bridger Aerospace Group Holdings Inc. Warrant,Listed,0.15
BAFN,BayFirst Financial Corp. Common Stock,Listed,8.1
BAND,Bandwidth Inc. Class A Common Stock,Listed,15.27
BANF,BancFirst Corporation Common Stock,Listed,113.28
BANFP,BancFirst Corporation - BFC Capital Trust II Cumulative Trust Preferred Securities,Listed,26.25
BANL,CBL International Limited Ordinary Shares,Listed,0.44
BANR,Banner Corporation Common Stock,Listed,66.36
BANX,ArrowMark Financial Corp. Common Stock,Listed,22.2
BAOS,Baosheng Media Group Holdings Limited Ordinary shares,Listed,3.16
BATRA,Atlanta Braves Holdings Inc. Series A Common Stock,Listed,43.62
BATRK,Atlanta Braves Holdings Inc. Series C Common Stock,Listed,39.94
BAYA,Bayview Acquisition Corp Ordinary Shares,Listed,11.57
BAYAU,Bayview Acquisition Corp Unit,Listed,11.35
BBCP,Concrete Pumping Holdings Inc. Common Stock,Listed,6.99
BBGI,Beasley Broadcast Group Inc. Class A Common Stock,Listed,7.41
BBIO,BridgeBio Pharma Inc. Common Stock,Listed,75.15
BBLG,Bone Biologics Corp Common Stock,Listed,2.03
BBLGW,Bone Biologics Corp Warrants,Listed,21.7
BBSI,Barrett Business Services Inc. Common Stock,Listed,36.57
BCAB,BioAtla Inc. Common Stock,Listed,0.82
BCAL,Southern California Bancorp Common Stock,Listed,19.78
BCBP,BCB Bancorp Inc. (NJ) Common Stock,Listed,8.39
BCDA,BioCardia Inc. Common Stock,Listed,1.45
BCG,Binah Capital Group Inc. Common Stock,Listed,2.14
BCGWW,Binah Capital Group Inc. Warrants,Listed,0.14
BCLI,Brainstorm Cell Therapeutics Inc. Common Stock,Listed,0.56
BCML,BayCom Corp Common Stock,Listed,32.78
BCOW,1895 Bancorp of Wisconsin Inc. (MD) Common Stock,Listed,11.15
BCPC,Balchem Corporation Common Stock,Listed,155.98
BCRX,BioCryst Pharmaceuticals Inc. Common Stock,Listed,7.57
BCTX,BriaCell Therapeutics Corp. Common Shares,Listed,9.54
BCTXW,BriaCell Therapeutics Corp. Warrant,Listed,0.04
BCYC,Bicycle Therapeutics plc American Depositary Shares,Listed,7.45
BDRX,Biodexa Pharmaceuticals plc American Depositary Shs,Listed,4.75
BDSX,Biodesix Inc. Common Stock,Listed,7.85
BDTX,Black Diamond Therapeutics Inc. Common Stock,Listed,2.79
BEAM,Beam Therapeutics Inc. Common Stock,Listed,27.36
BEAT,Heartbeam Inc. Common Stock,Listed,2.3
BEATW,Heartbeam Inc. Warrant,Listed,0.23
BEEM,Beam Global Common Stock,Listed,1.82
BELFA,Bel Fuse Inc. Class A Common Stock,Listed,151.05
BELFB,Bel Fuse Inc. Class B Common Stock,Listed,173.12
BENF,Beneficient Class A Common Stock,Listed,0.6
BENFW,Beneficient Warrant,Listed,0.01
BETR,Better Home & Finance Holding Company Class A Common Stock,Listed,41.77
BETRW,Better Home & Finance Holding Company Warrant,Listed,0.24
BFC,Bank First Corporation Common Stock,Listed,135.26
BFIN,BankFinancial Corporation Common Stock,Listed,12.74
BFRG,Bullfrog AI Holdings Inc. Common Stock,Listed,1.1
BFRGW,Bullfrog AI Holdings Inc. Warrants,Listed,0.4
BFRI,Biofrontera Inc. Common Stock,Listed,0.81
BFRIW,Biofrontera Inc. Warrants,Listed,0.07
BFST,Business First Bancshares Inc. Common Stock,Listed,27.71
BGC,BGC Group Inc. Class A Common Stock,Listed,8.98
BGLC,BioNexus Gene Lab Corp Common stock,Listed,4.15
BGXX,Bright Green Corporation Common Stock,Listed,0.04
BHAT,Blue Hat Interactive Entertainment Technology Ordinary Shares,Listed,1.39
BHF,Brighthouse Financial Inc. Common Stock,Listed,65.4
BHFAL,Brighthouse Financial Inc. 6.25% Junior Subordinated Debentures due 2058,Listed,16.62
BHFAM,Brighthouse Financial Inc. Depositary shares each representing a 1/1000th Interest in a Share of 4.625% Non-Cumulative Preferred Stock Series D,Listed,11.07
BHFAN,Brighthouse Financial Inc. Depositary shares each representing a 1/1000th interest in a share of 5.375% Non-Cumulative Preferred Stock Series C,Listed,12.5
BHFAO,Brighthouse Financial Inc. Depositary Shares 6.75% Non-Cumulative Preferred Stock Series B,Listed,15.68
BHFAP,Brighthouse Financial Inc. Depositary Shares 6.6% Non-Cumulative Preferred Stock Series A,Listed,15.19
BHRB,Burke & Herbert Financial Services Corp. Common Stock,Listed,69.28
BIAF,bioAffinity Technologies Inc. Common Stock,Listed,1.51
BIAFW,bioAffinity Technologies Inc. Warrant,Listed,0.37
BIDU,Baidu Inc. ADS,Listed,125.01
BIIB,Biogen Inc. Common Stock,Listed,174.1
BILI,Bilibili Inc. American Depositary Shares,Listed,24.6
BIMI,BIMI International Medical Inc. Common Stock,Listed,0
BIOR,Biora Therapeutics Inc. Common Stock,Listed,0.22
BIOX,Bioceres Crop Solutions Corp. Ordinary Shares,Listed,1.57
BIRD,Allbirds Inc. Class A Common Stock,Listed,4.56
BITF,Bitfarms Ltd. Common Stock,Listed,2.74
BIVI,BioVie Inc. Class A Common Stock,Listed,1.45
BJDX,Bluejay Diagnostics Inc. Common Stock,Listed,1.05
BJRI,BJ's Restaurants Inc. Common Stock,Listed,40
BKHA,Black Hawk Acquisition Corporation Class A Ordinary Shares,Listed,11.25
BKHAR,Black Hawk Acquisition Corporation Rights,Listed,1.48
BKNG,Booking Holdings Inc. Common Stock,Listed,5301.64
BKR,Baker Hughes Company Class A Common Stock,Listed,46.86
BKYI,BIO-key International Inc. Common Stock,Listed,0.69
BL,BlackLine Inc. Common Stock,Listed,58.67
BLBD,Blue Bird Corporation Common Stock,Listed,50.36
BLBX,Blackboxstocks Inc. Common Stock,Listed,9.18
BLDP,Ballard Power Systems Inc. Common Shares,Listed,2.72
BLFS,BioLife Solutions Inc. Common Stock,Listed,24.39
BLFY,Blue Foundry Bancorp Common Stock,Listed,12.55
BLIN,Bridgeline Digital Inc. Common Stock,Listed,1.01
BLKB,Blackbaud Inc. Common Stock,Listed,62.9
BLMN,Bloomin' Brands Inc. Common Stock,Listed,7.09
BLNK,Blink Charging Co. Common Stock,Listed,0.78
BLRX,BioLineRx Ltd. American Depositary Shares,Listed,3.31
BLTE,Belite Bio Inc American Depositary Shares,Listed,141.32
BLZE,Backblaze Inc. Class A Common Stock,Listed,4.8
BMBL,Bumble Inc. Class A Common Stock,Listed,3.39
BMEA,Biomea Fusion Inc. Common Stock,Listed,1.41
BMR,Beamr Imaging Ltd. Ordinary Share,Listed,2.3
BMRA,Biomerica Inc. Common Stock,Listed,2.58
BMRC,Bank of Marin Bancorp Common Stock,Listed,27.91
BMRN,BioMarin Pharmaceutical Inc. Common Stock,Listed,53.31
BNAI,Brand Engagement Network Inc. Common Stock,Listed,2.58
BNAIW,Brand Engagement Network Inc. Warrant,Listed,0.05
BNGO,Bionano Genomics Inc. Common Stock,Listed,1.62
BNR,Burning Rock Biotech Limited American Depositary Shares,Listed,15.75
BNRG,Brenmiller Energy Ltd Ordinary Shares,Listed,0.8
BNTC,Benitec Biopharma Inc. Common Stock,Listed,11.98
BNTX,BioNTech SE American Depositary Share,Listed,94.81
BNZI,Banzai International Inc. Class A Common Stock,Listed,1.13
BNZIW,Banzai International Inc. Warrant,Listed,0.02
BOF,BranchOut Food Inc. Common Stock,Listed,3.4
BOKF,BOK Financial Corporation Common Stock,Listed,119.09
BOLD,Boundless Bio Inc. Common Stock,Listed,1.17
BOLT,Bolt Biotherapeutics Inc. Common Stock,Listed,5.44
BON,Bon Natural Life Limited Ordinary Shares,Listed,1.81
BOOM,DMC Global Inc. Common Stock,Listed,6.65
BOSC,B.O.S. Better Online Solutions Common Stock,Listed,4.25
BOTJ,Bank of the James Financial Group Inc. Common Stock,Listed,18
BOWN,Bowen Acquisition Corp Ordinary Shares,Listed,9.19
BOXL,Boxlight Corporation Class A Common Stock,Listed,0.83
BPOP,Popular Inc. Common Stock,Listed,121.07
BPOPM,Popular Inc. Popular Capital Trust II - 6.125% Cumulative Monthly Income Trust Preferred Securities,Listed,25.14
BPRN,Princeton Bancorp Inc. Common Stock (PA),Listed,36.26
BPTH,Bio-Path Holdings Inc. Common Stock,Listed,0.08
BPYPM,Brookfield Property Partners L.P. 6.25% Class A Cumulative Redeemable Preferred Units Series 1,Listed,15.41
BPYPN,Brookfield Property Partners L.P. 5.750% Class A Cumulative Redeemable Perpetual Preferred Units Series 3,Listed,13.44
BPYPO,Brookfield Property Partners L.P. 6.375% Class A Cumulative Redeemable Perpetual Preferred Units Series 2,Listed,14.5
BPYPP,Brookfield Property Partners L.P. 6.50% Class A Cumulative Redeemable Perpetual Preferred Units,Listed,14.81
BRAG,Bragg Gaming Group Inc. Common Shares,Listed,2.26
BRFH,Barfresh Food Group Inc. Common Stock,Listed,3.35
BRID,Bridgford Foods Corporation Common Stock,Listed,8.09
BRKR,Bruker Corporation Common Stock,Listed,45.13
BRLS,Borealis Foods Inc. Class A Common Shares,Listed,1.9
BRLSW,Borealis Foods Inc. Warrant,Listed,0.05
BRLT,Brilliant Earth Group Inc. Class A Common Stock,Listed,1.89
BRNS,Barinthus Biotherapeutics plc American Depositary Shares,Listed,0.68
BRTX,BioRestorative Therapies Inc. Common Stock (NV),Listed,1.11
BRY,Berry Corporation (bry) Common Stock,Listed,3.46
BRZE,Braze Inc. Class A Common Stock,Listed,33.14
BSBK,Bogota Financial Corp. Common Stock,Listed,8.2
BSET,Bassett Furniture Industries Incorporated Common Stock,Listed,16.96
BSFC,Blue Star Foods Corp. Common Stock,Listed,0
BSRR,Sierra Bancorp Common Stock,Listed,34.08
BSVN,Bank7 Corp. Common stock,Listed,44.09
BSY,Bentley Systems Incorporated Class B Common Stock,Listed,40.58
BTAI,BioXcel Therapeutics Inc. Common Stock,Listed,2.01
BTBD,BT Brands Inc. Common Stock,Listed,1.53
BTBT,Bit Digital Inc. Ordinary Shares,Listed,2.25
BTCS,BTCS Inc. Common Stock,Listed,3.23
BTCT,BTC Digital Ltd. Ordinary Shares,Listed,1.79
BTCY,Biotricity Inc. Common Stock,Listed,0.34
BTDR,Bitdeer Technologies Group Class A Ordinary Shares,Listed,10.65
BTM,Bitcoin Depot Inc. Class A Common Stock,Listed,1.42
BTMD,Biote Corp. Class A Common Stock,Listed,2.7
BTMWW,Bitcoin Depot Inc. Warrant,Listed,0.14
BTOC,Armlogi Holding Corp. Common Stock,Listed,0.69
BTOG,Bit Origin Limited Ordinary Shares,Listed,0.25
BTSG,BrightSpring Health Services Inc. Common Stock,Listed,36.54
BTSGU,BrightSpring Health Services Inc. Tangible Equity Unit,Listed,124.61
BUSE,First Busey Corporation Class A Common Stock,Listed,25.17
BVFL,BV Financial Inc. Common Stock,Listed,19.11
BVS,Bioventus Inc. Class A Common Stock,Listed,7.55
BWAY,BrainsWay Ltd. American Depositary Shares,Listed,16.97
BWB,Bridgewater Bancshares Inc. Common Stock,Listed,18.76
BWBBP,Bridgewater Bancshares Inc. Depositary Shares Each Representing a 1/100th Interest in a Share of 5.875% Non-Cumulative Perpetual Preferred Stock Series A,Listed,19.59
BWEN,Broadwind Inc. Common Stock,Listed,3.26
BWFG,Bankwell Financial Group Inc. Common Stock,Listed,48.86
BWIN,The Baldwin Insurance Group Inc. Class A Common Stock,Listed,24.08
BWMN,Bowman Consulting Group Ltd. Common Stock,Listed,36.21
BWMX,Betterware de Mexico S.A.P.I. de C.V. Ordinary Shares,Listed,14.09
BYFC,Broadway Financial Corporation Class A Common Stock,Listed,6.2
BYND,Beyond Meat Inc. Common Stock,Listed,1.09
BYNO,byNordic Acquisition Corporation Class A Common Stock,Listed,12.15
BYRN,Byrna Technologies Inc. Common Stock,Listed,18.72
BYSI,BeyondSpring Inc. Ordinary Shares,Listed,2.11
BZ,KANZHUN LIMITED American Depository Shares,Listed,19.96
BZFD,BuzzFeed Inc. Class A Common Stock,Listed,1.09
BZFDW,BuzzFeed Inc. Warrant,Listed,0.02
BZUN,Baozun Inc. American Depositary Shares,Listed,2.76
CAAS,China Automotive Systems Inc. Common Stock,Listed,4.28
CABA,Cabaletta Bio Inc. Common Stock,Listed,2.36
CAC,Camden National Corporation Common Stock,Listed,45.21
CACC,Credit Acceptance Corporation Common Stock,Listed,472.21
CADL,Candel Therapeutics Inc. Common Stock,Listed,6.35
CAKE,Cheesecake Factory Incorporated (The) Common Stock,Listed,49.86
CALC,CalciMedica Inc. Common Stock,Listed,4.33
CALM,Cal-Maine Foods Inc. Common Stock,Listed,86.89
CAMP,CalAmp Corp. Common Stock,Listed,6.49
CAMT,Camtek Ltd. Ordinary Shares,Listed,111.95
CAN,Canaan Inc. American Depositary Shares,Listed,0.84
CAPR,Capricor Therapeutics Inc. Common Stock,Listed,26.02
CAPT,Captivision Inc. Ordinary Shares,Listed,0.58
CAR,Avis Budget Group Inc. Common Stock,Listed,131.03
CARE,Carter Bankshares Inc. Common Stock,Listed,19.98
CARG,CarGurus Inc. Class A Common Stock ,Listed,38.5
CARM,Carisma Therapeutics Inc. Common Stock,Listed,0.05
CART,Maplebear Inc. Common Stock,Listed,44.96
CARV,Carver Bancorp Inc. Common Stock,Listed,1.23
CASH,Pathward Financial Inc. Common Stock,Listed,74.43
CASI,CASI Pharmaceuticals Inc. Ordinary Shares,Listed,0.86
CASS,Cass Information Systems Inc Common Stock,Listed,44.7
CASY,Casey's General Stores Inc. Common Stock,Listed,540.07
CATY,Cathay General Bancorp Common Stock,Listed,50.02
CAUD,Collective Audience Inc.. Common Stock,Listed,0
CBAN,Colony Bankcorp Inc. Common Stock,Listed,18.35
CBAT,CBAK Energy Technology Inc. Common Stock,Listed,0.89
CBFV,CB Financial Services Inc. Common Stock,Listed,35.81
CBNK,Capital Bancorp Inc. Common Stock,Listed,29.58
CBRL,Cracker Barrel Old Country Store Inc Common Stock,Listed,27.33
CBSH,Commerce Bancshares Inc. Common Stock,Listed,53.74
CBUS,Cibus Inc. Class A Common Stock,Listed,1.61
CCAP,Crescent Capital BDC Inc. Common stock,Listed,14.96
CCB,Coastal Financial Corporation Common Stock,Listed,114.09
CCBG,Capital City Bank Group Common Stock,Listed,44.92
CCCC,C4 Therapeutics Inc. Common Stock,Listed,2.47
CCCS,CCC Intelligent Solutions Holdings Inc. Common Stock,Listed,7.68
CCD,Calamos Dynamic Convertible & Income Fund Common Stock,Listed,21.28
CCEP,Coca-Cola Europacific Partners plc Ordinary Shares,Listed,90.8
CCG,Cheche Group Inc. Class A Ordinary Shares,Listed,0.94
CCGWW,Cheche Group Inc. Warrant,Listed,0.03
CCIXU,Churchill Capital Corp IX Unit,Listed,10.8
CCLD,CareCloud Inc. Common Stock,Listed,3.29
CCLDO,CareCloud Inc. 8.75% Series B Cumulative Redeemable Perpetual Preferred Stock,Listed,25.55
CCNE,CNB Financial Corporation Common Stock,Listed,27.88
CCNEP,CNB Financial Corporation Depositary Shares each representing a 1/40th ownership interest in a share of 7.125% Series A Fixed-Rate Non-Cumulative Perpetual Preferred Stock,Listed,24.53
CCOI,Cogent Communications Holdings Inc.,Listed,23.27
CCRN,Cross Country Healthcare Inc. Common Stock $0.0001 Par Value,Listed,8.49
CCSI,Consensus Cloud Solutions Inc. Common Stock,Listed,23.96
CCTG,CCSC Technology International Holdings Limited Ordinary Shares,Listed,0.17
CDIO,Cardio Diagnostics Holdings Inc. Common stock,Listed,3.52
CDIOW,Cardio Diagnostics Holdings Inc. Warrant,Listed,0.02
CDLX,Cardlytics Inc. Common Stock,Listed,1.08
CDNA,CareDx Inc. Common Stock,Listed,20.56
CDNS,Cadence Design Systems Inc. Common Stock,Listed,323.22
CDRO,Codere Online Luxembourg S.A. Ordinary Shares,Listed,7.72
CDROW,Codere Online Luxembourg S.A. Warrants,Listed,0.88
CDT,Conduit Pharmaceuticals Inc. Common Stock,Listed,1.75
CDTG,CDT Environmental Technology Investment Holdings Limited ordinary shares,Listed,0.43
CDTTW,Conduit Pharmaceuticals Inc. Warrant,Listed,0.01
CDTX,Cidara Therapeutics Inc. Common Stock,Listed,220.65
CDW,CDW Corporation Common Stock,Listed,144.93
CDXS,Codexis Inc. Common Stock,Listed,1.67
CDZI,CADIZ Inc. Common Stock,Listed,5.67
CDZIP,Cadiz Inc. Depositary Shares,Listed,19.6
CECO,CECO Environmental Corp. Common Stock,Listed,60.96
CEG,Constellation Energy Corporation Common Stock ,Listed,351.98
CELC,Celcuity Inc. Common Stock,Listed,105.25
CELH,Celsius Holdings Inc. Common Stock,Listed,43.84
CELU,Celularity Inc. Class A Common Stock,Listed,1.6
CELZ,Creative Medical Technology Holdings Inc. Common Stock,Listed,2.15
CENN,Cenntro Inc. Common Stock,Listed,0.16
CENT,Central Garden & Pet Company Common Stock,Listed,33.58
CENTA,Central Garden & Pet Company Class A Common Stock Nonvoting,Listed,30.44
CENX,Century Aluminum Company Common Stock,Listed,31.56
CERO,CERo Therapeutics Holdings Inc. Common Stock,Listed,0.1
CEROW,CERo Therapeutics Holdings Inc. Warrants,Listed,0
CERS,Cerus Corporation Common Stock,Listed,2.18
CERT,Certara Inc. Common Stock,Listed,8.58
CETX,Cemtrex Inc. Common Stock,Listed,2.96
CETY,Clean Energy Technologies Inc. Common Stock,Listed,0.96
CEVA,CEVA Inc. Common Stock,Listed,21.83
CFBK,CF Bankshares Inc. Common Stock,Listed,23.8
CFFI,C&F Financial Corporation Common Stock,Listed,73.44
CFFN,Capitol Federal Financial Inc. Common Stock,Listed,7
CFLT,Confluent Inc. Class A Common Stock,Listed,30.05
CG,The Carlyle Group Inc. Common Stock,Listed,58.35
CGABL,The Carlyle Group Inc. 4.625% Subordinated Notes due 2061,Listed,17.55
CGBD,Carlyle Secured Lending Inc. Common Stock,Listed,13.02
CGC,Canopy Growth Corporation Common Shares,Listed,1.74
CGEM,Cullinan Therapeutics Inc. Common Stock,Listed,11.92
CGEN,Compugen Ltd. Ordinary Shares,Listed,1.53
CGNT,Cognyte Software Ltd. Ordinary Shares,Listed,9.86
CGNX,Cognex Corporation Common Stock,Listed,35.65
CGO,Calamos Global Total Return Fund Common Stock,Listed,11.37
CGON,CG Oncology Inc. Common stock,Listed,40.94
CGTX,Cognition Therapeutics Inc. Common Stock,Listed,1.69
CHCI,Comstock Holding Companies Inc. Class A Common Stock,Listed,12.85
CHCO,City Holding Company Common Stock,Listed,124.98
CHDN,Churchill Downs Incorporated Common Stock,Listed,116.76
CHEF,The Chefs' Warehouse Inc. Common Stock,Listed,62.47
CHEK,Check-Cap Ltd. Ordinary Share,Listed,1.72
CHI,Calamos Convertible Opportunities and Income Fund Common Stock,Listed,10.73
CHKP,Check Point Software Technologies Ltd. Ordinary Shares,Listed,192.12
CHMG,Chemung Financial Corp Common Stock,Listed,57.6
CHNR,China Natural Resources Inc. Common Stock,Listed,4.1
CHR,Cheer Holding Inc. Ordinary Share,Listed,0.04
CHRD,Chord Energy Corporation Common Stock,Listed,97.36
CHRS,Coherus BioSciences Inc. Common Stock,Listed,1.35
CHRW,C.H. Robinson Worldwide Inc. Common Stock,Listed,157.09
CHSCL,CHS Inc Class B Cumulative Redeemable Preferred Stock Series 4,Listed,25.75
CHSCM,CHS Inc Class B Reset Rate Cumulative Redeemable Preferred Stock Series 3,Listed,25.02
CHSCN,CHS Inc Preferred Class B Series 2 Reset Rate,Listed,25.26
CHSCO,CHS Inc. Class B Cumulative Redeemable Preferred Stock,Listed,26.47
CHSCP,CHS Inc. 8%  Cumulative Redeemable Preferred Stock,Listed,28.4
CHSN,Chanson International Holding Class A Ordinary Shares,Listed,2.23
CHTR,Charter Communications Inc. Class A Common Stock New,Listed,206.6
CHW,Calamos Global Dynamic Income Fund Common Stock,Listed,7.32
CHY,Calamos Convertible and High Income Fund Common Stock,Listed,11.37
CIFR,Cipher Mining Inc. Common Stock,Listed,17.05
CIFRW,Cipher Mining Inc. Warrant,Listed,4.56
CIGI,Colliers International Group Inc. Subordinate Voting Shares,Listed,145.53
CINF,Cincinnati Financial Corporation Common Stock,Listed,165.86
CING,Cingulate Inc. Common Stock,Listed,4.44
CINGW,Cingulate Inc. Warrants,Listed,0.08
CISO,CISO Global Inc. Common Stock,Listed,0.47
CISS,C3is Inc. Common Stock,Listed,0.25
CIVB,Civista Bancshares Inc. Common Stock,Listed,24.12
CJET,Chijet Motor Company Inc. Ordinary Shares,Listed,0.71
CLAR,Clarus Corporation Common Stock,Listed,3.38
CLBK,Columbia Financial Inc. Common Stock,Listed,17.12
CLBT,Cellebrite DI Ltd. Ordinary Shares,Listed,18.82
CLDX,Celldex Therapeutics Inc.,Listed,27.51
CLFD,Clearfield Inc. Common Stock,Listed,29.64
CLGN,CollPlant Biotechnologies Ltd Ordinary Shares,Listed,1.81
CLIR,ClearSign Technologies Corporation Common Stock (DE),Listed,0.66
CLLS,Cellectis S.A. American Depositary Shares,Listed,4.68
CLMB,Climb Global Solutions Inc. Common Stock,Listed,107.92
CLMT,Calumet Specialty Products Partners L.P. Common Units,Listed,20.46
CLNE,Clean Energy Fuels Corp. Common Stock,Listed,2.26
CLNN,Clene Inc. Common Stock,Listed,6.77
CLNNW,Clene Inc. Warrant,Listed,0.01
CLOV,Clover Health Investments Corp. Class A Common Stock,Listed,2.7
CLPS,CLPS Incorporation Common Stock,Listed,0.91
CLPT,ClearPoint Neuro Inc. Common Stock,Listed,12.71
CLRB,Cellectar Biosciences Inc.  Common Stock,Listed,3.62
CLRO,ClearOne Inc. (DE) Common Stock,Listed,5.3
CLSD,Clearside Biomedical Inc. Common Stock,Listed,0.86
CLSK,CleanSpark Inc. Common Stock,Listed,14.03
CLST,Catalyst Bancorp Inc. Common Stock,Listed,15.27
CLWT,Euro Tech Holdings Company Limited Common Stock,Listed,1.23
CMBM,Cambium Networks Corporation Ordinary Shares,Listed,1.75
CMCO,Columbus McKinnon Corporation Common Stock,Listed,17.87
CMCSA,Comcast Corporation Class A Common Stock,Listed,27.23
CMCT,Creative Media & Community Trust Corporation Common stock,Listed,4.28
CME,CME Group Inc. Class A Common Stock,Listed,273.55
CMLS,Cumulus Media Inc. Class A Common Stock,Listed,0.11
CMMB,Chemomab Therapeutics Ltd. American Depositary Share,Listed,2.22
CMND,Clearmind Medicine Inc. Common Shares,Listed,0.07
CMPO,CompoSecure Inc. Class A Common Stock,Listed,20.22
CMPR,Cimpress plc Ordinary Shares (Ireland),Listed,74.62
CMPS,COMPASS Pathways Plc American Depository Shares,Listed,6.74
CMPX,Compass Therapeutics Inc. Common Stock,Listed,5.16
CMTL,Comtech Telecommunications Corp. Common Stock,Listed,3.06
CNDT,Conduent Incorporated Common Stock ,Listed,2
CNET,ZW Data Action Technologies Inc. Common Stock,Listed,1.42
CNEY,CN Energy Group Inc. Class A Ordinary Shares,Listed,0.65
CNGL,Canna-Global Acquisition Corp. Class A Common Stock,Listed,10.74
CNGLU,Canna-Global Acquisition Corp Unit,Listed,10.01
CNOB,ConnectOne Bancorp Inc. Common Stock,Listed,27.65
CNOBP,ConnectOne Bancorp Inc. Depositary Shares each representing a 1/40th interest in a share of 5.25% Fixed-Rate Reset Non-Cumulative Perpetual Preferred Stock Series A,Listed,24.23
CNSP,CNS Pharmaceuticals Inc. Common Stock,Listed,7.79
CNTA,Centessa Pharmaceuticals plc American Depositary Shares,Listed,26.51
CNTB,Connect Biopharma Holdings Limited American Depositary Shares,Listed,2.5
CNTX,Context Therapeutics Inc. Common Stock,Listed,1.04
CNTY,Century Casinos Inc. Common Stock,Listed,1.31
CNVS,Cineverse Corp. Class A Common Stock,Listed,2.47
CNXC,Concentrix Corporation Common Stock,Listed,39.57
CNXN,PC Connection Inc. Common Stock,Listed,60.28
COCH,Envoy Medical Inc. Class A Common Stock,Listed,0.81
COCHW,Envoy Medical Inc Warrant,Listed,0.04
COCO,The Vita Coco Company Inc. Common Stock,Listed,54.56
COCP,Cocrystal Pharma Inc. Common Stock,Listed,1.05
CODA,Coda Octopus Group Inc. Common stock,Listed,9.09
CODX,Co-Diagnostics Inc. Common Stock,Listed,0.34
COEP,Coeptis Therapeutics Holdings Inc. Common Stock,Listed,15.13
COFS,ChoiceOne Financial Services Inc. Common Stock,Listed,31.9
COGT,Cogent Biosciences Inc. Common Stock,Listed,42.11
COHU,Cohu Inc. Common Stock,Listed,23.88
COIN,Coinbase Global Inc. Class A Common Stock,Listed,267.46
COKE,Coca-Cola Consolidated Inc. Common Stock,Listed,165.78
COLB,Columbia Banking System Inc. Common Stock,Listed,29.24
COLL,Collegium Pharmaceutical Inc. Common Stock,Listed,48.63
COLM,Columbia Sportswear Company Common Stock,Listed,57.18
COMM,CommScope Holding Company Inc. Common Stock,Listed,19.44
COO,The Cooper Companies Inc. Common Stock,Listed,82.08
COOT,Australian Oilseeds Holdings Limited Ordinary Shares,Listed,0.79
CORT,Corcept Therapeutics Incorporated Common Stock,Listed,87.99
CORZ,Core Scientific Inc. Common Stock,Listed,16.53
CORZW,Core Scientific Inc. Tranche 1 Warrants,Listed,10.21
CORZZ,Core Scientific Inc. Tranche 2 Warrants,Listed,16.39
COSM,Cosmos Health Inc. Common Stock,Listed,0.44
COST,Costco Wholesale Corporation Common Stock,Listed,884.47
COYA,Coya Therapeutics Inc. Common Stock,Listed,6.18
CPBI,Central Plains Bancshares Inc. Common Stock,Listed,16.45
CPHC,Canterbury Park Holding Corporation 'New' Common Stock,Listed,15.24
CPIX,Cumberland Pharmaceuticals Inc. Common Stock,Listed,2.53
CPOP,Pop Culture Group Co. Ltd Class A Ordinary Shares,Listed,0.44
CPRT,Copart Inc. (DE) Common Stock,Listed,38.67
CPRX,Catalyst Pharmaceuticals Inc. Common Stock,Listed,23.62
CPSH,CPS Technologies Corp. Common Stock,Listed,3.4
CPSS,Consumer Portfolio Services Inc. Common Stock,Listed,9.2
CPZ,Calamos Long/Short Equity & Dynamic Income Trust Common Stock,Listed,14.61
CRAI,CRA International Inc. Common Stock,Listed,200.17
CRBP,Corbus Pharmaceuticals Holdings Inc. Common Stock,Listed,9.7
CRBU,Caribou Biosciences Inc. Common Stock,Listed,1.79
CRCT,Cricut Inc. Class A Common Stock,Listed,5.2
CRDF,Cardiff Oncology Inc. Common Stock,Listed,2.39
CRDL,Cardiol Therapeutics Inc. Class A Common Shares,Listed,1.08
CRDO,Credo Technology Group Holding Ltd Ordinary Shares,Listed,143.91
CREG,Smart Powerr Corp. Common Stock,Listed,1.16
CRESW,Cresud S.A.C.I.F. y A. Warrant,Listed,1
CRESY,Cresud S.A.C.I.F. y A. American Depositary Shares,Listed,11.83
CREV,Carbon Revolution Public Limited Ordinary Shares,Listed,1.88
CREVW,Carbon Revolution Public Limited Company Warrant,Listed,0.01
CREX,Creative Realities Inc. Common Stock,Listed,2.83
CRGO,Freightos Limited Ordinary shares,Listed,3.06
CRGOW,Freightos Limited Warrants,Listed,0.2
CRIS,Curis Inc. Common Stock,Listed,1.16
CRKN,Crown Electrokinetics Corp. Common Stock,Listed,0.1
CRMD,CorMedix Inc. Common Stock,Listed,11.49
CRML,Critical Metals Corp. Ordinary Shares,Listed,9.18
CRMLW,Critical Metals Corp. Warrants,Listed,4.29
CRMT,America's Car-Mart Inc Common Stock,Listed,24.2
CRNC,Cerence Inc. Common Stock,Listed,11.51
CRNT,Ceragon Networks Ltd. Ordinary Shares,Listed,2.06
CRNX,Crinetics Pharmaceuticals Inc. Common Stock,Listed,50.49
CRON,Cronos Group Inc. Common Share,Listed,3.27
CROX,Crocs Inc. Common Stock,Listed,89.91
CRSP,CRISPR Therapeutics AG Common Shares,Listed,56.68
CRSR,Corsair Gaming Inc. Common Stock,Listed,6.2
CRTO,Criteo S.A. American Depositary Shares,Listed,20.39
CRUS,Cirrus Logic Inc. Common Stock,Listed,122.52
CRVL,CorVel Corp. Common Stock,Listed,69.93
CRVO,CervoMed Inc. Common Stock,Listed,8.45
CRVS,Corvus Pharmaceuticals Inc. Common Stock,Listed,8.37
CRWD,CrowdStrike Holdings Inc. Class A Common Stock,Listed,504.78
CRWS,Crown Crafts Inc Common Stock,Listed,2.62
CSBR,Champions Oncology Inc. Common Stock,Listed,6.72
CSCO,Cisco Systems Inc. Common Stock (DE),Listed,77.8
CSGP,CoStar Group Inc. Common Stock,Listed,68.23
CSGS,CSG Systems International Inc. Common Stock,Listed,77.11
CSIQ,Canadian Solar Inc. Common Shares (ON),Listed,22.65
CSPI,CSP Inc. Common Stock,Listed,14.39
CSQ,Calamos Strategic Total Return Common Stock,Listed,19.03
CSTE,Caesarstone Ltd. Ordinary Shares,Listed,1.57
CSTL,Castle Biosciences Inc. Common Stock,Listed,38.63
CSWC,Capital Southwest Corporation Common Stock,Listed,22.27
CSX,CSX Corporation Common Stock,Listed,37.39
CTAS,Cintas Corporation Common Stock,Listed,187.53
CTBI,Community Trust Bancorp Inc. Common Stock,Listed,60.12
CTHR,Charles & Colvard Ltd Common Stock,Listed,0.25
CTKB,Cytek Biosciences Inc. Common Stock,Listed,4.86
CTLP,Cantaloupe Inc. Common Stock,Listed,10.61
CTMX,CytomX Therapeutics Inc. Common Stock,Listed,4.19
CTNM,Contineum Therapeutics Inc. Class A Common Stock,Listed,11.63
CTNT,Cheetah Net Supply Chain Service Inc. Class A Common Stock,Listed,1.4
CTRM,Castor Maritime Inc. Common Shares,Listed,2.21
CTRN,Citi Trends Inc. Common Stock,Listed,44.5
CTSH,Cognizant Technology Solutions Corporation Class A Common Stock,Listed,83.94
CTSO,Cytosorbents Corporation Common Stock,Listed,0.68
CTXR,Citius Pharmaceuticals Inc. Common Stock,Listed,1.12
CUE,Cue Biopharma Inc. Common Stock,Listed,0.49
CULL,Cullman Bancorp Inc. Common Stock,Listed,12.25
CURI,CuriosityStream Inc. Class A Common Stock,Listed,4.62
CVAC,CureVac N.V. Ordinary Shares,Listed,5.05
CVBF,CVB Financial Corporation Common Stock,Listed,19.92
CVCO,Cavco Industries Inc. Common Stock When Issued,Listed,597.03
CVGI,Commercial Vehicle Group Inc. Common Stock,Listed,1.59
CVGW,Calavo Growers Inc. Common Stock,Listed,21.44
CVKD,Cadrenal Therapeutics Inc. Common Stock,Listed,11
CVLG,Covenant Logistics Group Inc. Class A Common Stock,Listed,23.16
CVLT,Commvault Systems Inc. Common Stock,Listed,121.59
CVRX,CVRx Inc. Common Stock,Listed,8.45
CVV,CVD Equipment Corporation Common Stock,Listed,3.3
CWBC,Community West Bancshares Common Stock,Listed,23.79
CWCO,Consolidated Water Co. Ltd. Ordinary Shares,Listed,35.76
CWD,CaliberCos Inc. Class A Common Stock,Listed,1.75
CWST,Casella Waste Systems Inc. Class A Common Stock,Listed,99.05
CXAI,CXApp Inc. Class A Common Stock,Listed,0.4
CXAIW,CXApp Inc. Warrant,Listed,0.07
CXDO,Crexendo Inc. Common Stock,Listed,6.9
CYBR,CyberArk Software Ltd. Ordinary Shares,Listed,462.86
CYCN,Cyclerion Therapeutics Inc. Common Stock,Listed,1.51
CYN,Cyngn Inc. Common Stock,Listed,3.64
CYRX,CryoPort Inc. Common Stock,Listed,9.4
CYTK,Cytokinetics Incorporated Common Stock,Listed,63.35
CZFS,Citizens Financial Services Inc. Common Stock,Listed,61.2
CZNC,Citizens & Northern Corp Common Stock,Listed,21.67
CZR,Caesars Entertainment Inc. Common Stock,Listed,24.53
CZWI,Citizens Community Bancorp Inc. Common Stock,Listed,18.34
DAIO,Data I/O Corporation Common Stock,Listed,3.17
DAKT,Daktronics Inc. Common Stock,Listed,18.77
DARE,Dare Bioscience Inc. Common Stock,Listed,2.47
DASH,DoorDash Inc. Class A Common Stock,Listed,227.49
DAVE,Dave Inc. Class A Common Stock,Listed,197.61
DAVEW,Dave Inc. Warrants,Listed,0.73
DAWN,Day One Biopharmaceuticals Inc. Common Stock,Listed,8.36
DBGI,Digital Brands Group Inc. Common Stock,Listed,7.58
DBVT,DBV Technologies S.A. American Depositary Shares,Listed,18.37
DBX,Dropbox Inc. Class A Common Stock,Listed,28.32
DCBO,Docebo Inc. Common Shares,Listed,22.01
DCGO,DocGo Inc. Common Stock,Listed,0.92
DCOM,Dime Community Bancshares Inc. Common Stock,Listed,31.27
DCOMP,Dime Community Bancshares Inc. Fixed-Rate Non-Cumulative Perpetual Preferred Stock Series A,Listed,18.14
DCTH,Delcath Systems Inc. Common Stock,Listed,10.37
DDI,DoubleDown Interactive Co. Ltd. American Depository Shares,Listed,9.05
DDOG,Datadog Inc. Class A Common Stock,Listed,146
DENN,Denny's Corporation Common Stock,Listed,6.2
DERM,Journey Medical Corporation Common Stock,Listed,7.67
DFLI,Dragonfly Energy Holdings Corp. Common Stock (NV),Listed,0.79
DFLIW,Dragonfly Energy Holdings Corp. Warrant,Listed,0.13
DGICA,Donegal Group Inc. Class A Common Stock,Listed,20.36
DGICB,Donegal Group Inc. Class B Common Stock,Listed,15.71
DGII,Digi International Inc. Common Stock,Listed,45.51
DGLY,Digital Ally Inc. Common Stock,Listed,1.13
DH,Definitive Healthcare Corp. Class A Common Stock,Listed,2.31
DHAI,DIH Holdings US Inc. Class A Common Stock,Listed,0
DHC,Diversified Healthcare Trust Common Shares of Beneficial Interest,Listed,4.69
DHCNI,Diversified Healthcare Trust 5.625% Senior Notes due 2042,Listed,16.77
DHCNL,Diversified Healthcare Trust 6.25% Senior Notes Due 2046,Listed,18.11
DHIL,Diamond Hill Investment Group Inc. Class A Common Stock,Listed,169
DIBS,1stdibs.com Inc. Common Stock,Listed,5.99
DIOD,Diodes Incorporated Common Stock,Listed,50.59
DJCO,Daily Journal Corp. (S.C.) Common Stock,Listed,507.65
DJT,Trump Media & Technology Group Corp. Common Stock,Listed,10.65
DJTWW,Trump Media & Technology Group Corp. Warrants,Listed,20.61
DKNG,DraftKings Inc. Class A Common Stock,Listed,35.52
DLHC,DLH Holdings Corp.,Listed,5.71
DLO,DLocal Limited Class A Common Shares,Listed,14.13
DLPN,Dolphin Entertainment Inc. Common Stock,Listed,1.61
DLTH,Duluth Holdings Inc. Class B Common Stock,Listed,2.91
DLTR,Dollar Tree Inc. Common Stock,Listed,129.87
DMAC,DiaMedica Therapeutics Inc. Common Stock,Listed,9.39
DMLP,Dorchester Minerals L.P. Common Units Representing Limited Partnership Interests,Listed,22.68
DMRC,Digimarc Corporation Common Stock,Listed,8.69
DNLI,Denali Therapeutics Inc. Common Stock,Listed,17.98
DNTH,Dianthus Therapeutics Inc. Common Stock,Listed,42.13
DNUT,Krispy Kreme Inc. Common Stock,Listed,4.4
DOCU,DocuSign Inc. Common Stock,Listed,71.11
DOGZ,Dogness (International) Corporation Class A Common Stock,Listed,10.58
DOMH,Dominari Holdings Inc. Common Stock,Listed,4.45
DOMO,Domo Inc. Class B Common Stock,Listed,9.04
DOOO,BRP Inc. (Recreational Products) Common Subordinate Voting Shares,Listed,77.51
DORM,Dorman Products Inc. Common Stock,Listed,128.01
DOX,Amdocs Limited Ordinary Shares,Listed,79.35
DOYU,DouYu International Holdings Limited ADS,Listed,7
DPRO,Draganfly Inc. Common Shares,Listed,6.97
DRCT,Direct Digital Holdings Inc. Class A Common Stock,Listed,0.07
DRIO,DarioHealth Corp. Common Stock,Listed,11.89
DRMA,Dermata Therapeutics Inc. Common Stock,Listed,2.63
DRMAW,Dermata Therapeutics Inc. Warrant,Listed,0.02
DRS,Leonardo DRS Inc. Common Stock,Listed,34.46
DRTS,Alpha Tau Medical Ltd. Ordinary Shares,Listed,5.05
DRTSW,Alpha Tau Medical Ltd. Warrant,Listed,0.35
DRUG,Bright Minds Biosciences Inc. Common Stock,Listed,84.19
DRVN,Driven Brands Holdings Inc. Common Stock,Listed,15.41
DSGN,Design Therapeutics Inc. Common Stock,Listed,9.43
DSGR,Distribution Solutions Group Inc. Common Stock,Listed,29.14
DSGX,Descartes Systems Group Inc. (The) Common Stock,Listed,90.71
DSP,Viant Technology Inc. Class A Common Stock,Listed,11.68
DSWL,Deswell Industries Inc. Common Shares,Listed,3.3
DTCK,Davis Commodities Limited Ordinary Shares,Listed,0.33
DTI,Drilling Tools International Corporation Common Stock,Listed,2.66
DTIL,Precision BioSciences Inc. Common Stock,Listed,4.99
DTSS,Datasea Inc. Common Stock,Listed,1.27
DTST,Data Storage Corporation Common Stock,Listed,5
DTSTW,Data Storage Corporation Warrant,Listed,0.2
DUO,Fangdd Network Group Ltd. American Depositary Shares,Listed,1.95
DUOL,Duolingo Inc. Class A Common Stock,Listed,196.28
DUOT,Duos Technologies Group Inc. Common Stock,Listed,9.79
DVAX,Dynavax Technologies Corporation Common Stock,Listed,10.8
DWSN,Dawson Geophysical Company Common Stock,Listed,1.76
DXCM,DexCom Inc. Common Stock,Listed,66.96
DXLG,Destination XL Group Inc. Common Stock,Listed,1.14
DXPE,DXP Enterprises Inc. Common Stock,Listed,109.36
DXR,Daxor Corporation Common Stock,Listed,12.25
DXYN,Dixie Group Inc. (The) Common Stock,Listed,0.52
DYAI,Dyadic International Inc. Common Stock,Listed,0.91
DYN,Dyne Therapeutics Inc. Common Stock,Listed,19.27
DYNT,Dynatronics Corporation Common Stock,Listed,0.05
DZSI,DZS Inc. Common Stock,Listed,0.02
EA,Electronic Arts Inc. Common Stock,Listed,203.73
EBAY,eBay Inc. Common Stock,Listed,85.36
EBC,Eastern Bankshares Inc. Common Stock,Listed,19.65
EBMT,Eagle Bancorp Montana Inc. Common Stock,Listed,19.08
EBON,Ebang International Holdings Inc. Class A Ordinary Shares,Listed,3.51
ECBK,ECB Bancorp Inc. Common Stock,Listed,17.2
ECDA,ECD Automotive Design Inc. Common Stock,Listed,0.29
ECDAW,ECD Automotive Design Inc. Warrant ,Listed,0.01
ECOR,electroCore Inc. Common Stock,Listed,4.75
ECPG,Encore Capital Group Inc Common Stock,Listed,53.71
ECX,ECARX Holdings Inc. Class A Ordinary shares,Listed,1.67
EDAP,EDAP TMS S.A. American Depositary Shares,Listed,2.88
EDBL,Edible Garden AG Incorporated Common Stock,Listed,1.3
EDBLW,Edible Garden AG Incorporated Warrant,Listed,0.17
EDIT,Editas Medicine Inc. Common Stock,Listed,2.53
EDRY,EuroDry Ltd. Common Shares ,Listed,13.32
EDSA,Edesa Biotech Inc. Common Shares,Listed,1.74
EDTK,Skillful Craftsman Education Technology Limited Ordinary Share,Listed,0.9
EDUC,Educational Development Corporation Common Stock,Listed,1.34
EEFT,Euronet Worldwide Inc. Common Stock,Listed,78.51
EEIQ,EpicQuest Education Group International Limited Common Stock,Listed,0.31
EFOI,Energy Focus Inc. Common Stock,Listed,2.46
EFSC,Enterprise Financial Services Corporation Common Stock,Listed,56.71
EFSCP,Enterprise Financial Services Corporation Depositary Shares Each Representing a 1/40th Interest in a Share of 5% Fixed Rate Non-Cumulative Perpetual Preferred Stock Series A,Listed,19.7
EFTR,eFFECTOR Therapeutics Inc. Common Stock,Listed,0
EGAN,eGain Corporation Common Stock,Listed,10.34
EGBN,Eagle Bancorp Inc. Common Stock,Listed,21.38
EGHT,8x8 Inc Common Stock,Listed,2.19
EGRX,Eagle Pharmaceuticals Inc. Common Stock,Listed,0.5
EH,EHang Holdings Limited ADS,Listed,14.1
EHTH,eHealth Inc. Common Stock,Listed,4.5
EJH,E-Home Household Service Holdings Limited Ordinary Shares,Listed,0.78
EKSO,Ekso Bionics Holdings Inc. Common Stock,Listed,4.67
ELAB,Elevai Labs Inc. Common Stock,Listed,3.85
ELBM,Electra Battery Materials Corporation Common Stock,Listed,0.92
ELDN,Eledon Pharmaceuticals Inc. Common Stock,Listed,1.64
ELSE,Electro-Sensors Inc. Common Stock,Listed,4.55
ELTK,Eltek Ltd. Ordinary Shares,Listed,9.45
ELTX,Elicio Therapeutics Inc. Common Stock,Listed,8.19
ELUT,Elutia Inc. Class A Common Stock,Listed,0.7
ELVA,Electrovaya Inc. Common Shares,Listed,6.62
ELVN,Enliven Therapeutics Inc. Common Stock,Listed,16.86
ELWS,Earlyworks Co. Ltd. American Depositary Shares,Listed,5.65
EM,Smart Share Global Limited American Depositary Shares,Listed,1.34
EMBC,Embecta Corp. Common Stock,Listed,11.8
EML,Eastern Company (The) Common Stock,Listed,20.15
ENGN,enGene Holdings Inc. Common Stock,Listed,8.46
ENGNW,enGene Holdings Inc. Warrants,Listed,2.66
ENLT,Enlight Renewable Energy Ltd. Ordinary Shares,Listed,38.8
ENLV,Enlivex Therapeutics Ltd. Ordinary Shares,Listed,0.93
ENPH,Enphase Energy Inc. Common Stock,Listed,32.18
ENSC,Ensysce Biosciences Inc. Common Stock,Listed,1.42
ENSG,The Ensign Group Inc. Common Stock,Listed,175.63
ENTA,Enanta Pharmaceuticals Inc. Common Stock,Listed,14.73
ENTG,Entegris Inc. Common Stock,Listed,92.55
ENTO,Entero Therapeutics Inc. Common Stock,Listed,2.94
ENTX,Entera Bio Ltd. Ordinary Shares,Listed,2.16
ENVB,Enveric Biosciences Inc. Common Stock,Listed,5.43
ENVX,Enovix Corporation Common Stock,Listed,8.64
EOLS,Evolus Inc. Common Stock,Listed,7.04
EOSE,Eos Energy Enterprises Inc. Class A Common Stock,Listed,14.84
EPOW,Sunrise New Energy Co. Ltd Class A Ordinary Shares,Listed,0.96
EPRX,Eupraxia Pharmaceuticals Inc. Common Stock,Listed,6.27
EPSN,Epsilon Energy Ltd. Common Share,Listed,5.02
EQ,Equillium Inc. Common Stock,Listed,1.28
EQIX,Equinix Inc. Common Stock REIT,Listed,750.32
ERAS,Erasca Inc. Common Stock,Listed,3.6
ERIC,Ericsson American Depositary Shares,Listed,9.57
ERIE,Erie Indemnity Company Class A Common Stock,Listed,287.33
ERII,Energy Recovery Inc. Common Stock,Listed,14.47
ERNA,Eterna Therapeutics Inc. Common Stock,Listed,1.36
ESCA,Escalade Incorporated Common Stock,Listed,13.1
ESEA,Euroseas Ltd. Common Stock (Marshall Islands),Listed,55.14
ESGL,ESGL Holdings Limited Ordinary Shares,Listed,4
ESGLW,ESGL Holdings Limited Warrants,Listed,0.1
ESHA,ESH Acquisition Corp. Class A Common Stock,Listed,11.66
ESLA,Estrella Immunopharma Inc. Common Stock,Listed,1.73
ESLT,Elbit Systems Ltd. Ordinary Shares,Listed,515.24
ESOA,Energy Services of America Corporation Common Stock,Listed,8.7
ESPR,Esperion Therapeutics Inc. Common Stock,Listed,3.85
ESQ,Esquire Financial Holdings Inc. Common Stock,Listed,107.2
ESTA,Establishment Labs Holdings Inc. Common Shares,Listed,72.51
ETON,Eton Pharmaceuticals Inc. Common Stock,Listed,16.7
ETSY,Etsy Inc. Common Stock,Listed,53.86
EU,enCore Energy Corp. Common Shares,Listed,2.67
EUDA,EUDA Health Holdings Limited Ordinary Shares,Listed,2.3
EVAX,Evaxion Biotech A/S American Depositary Share,Listed,6.21
EVCM,EverCommerce Inc. Common Stock,Listed,12.08
EVER,EverQuote Inc. Class A Common Stock,Listed,27.74
EVGN,Evogene Ltd Ordinary Shares,Listed,1.08
EVGO,EVgo Inc. Class A Common Stock,Listed,3.21
EVGOW,EVgo Inc. Warrants,Listed,0.1
EVLV,Evolv Technologies Holdings Inc. Class A Common Stock,Listed,7.01
EVLVW,Evolv Technologies Holdings Inc. Warrant,Listed,0.3
EVO,Evotec SE American Depositary Shares,Listed,3.01
EVOK,Evoke Pharma Inc. Common Stock,Listed,10.95
EVRG,Evergy Inc. Common Stock,Listed,73.8
EVTV,Envirotech Vehicles Inc. Common Stock,Listed,1.11
EWBC,East West Bancorp Inc. Common Stock,Listed,113.62
EWCZ,European Wax Center Inc. Class A Common Stock,Listed,4.06
EWTX,Edgewise Therapeutics Inc. Common Stock,Listed,23.62
EXAS,Exact Sciences Corporation Common Stock,Listed,101.5
EXC,Exelon Corporation Common Stock,Listed,43.57
EXEL,Exelixis Inc. Common Stock,Listed,40.88
EXFY,Expensify Inc. Class A Common Stock,Listed,1.61
EXLS,ExlService Holdings Inc. Common Stock,Listed,41.64
EXPE,Expedia Group Inc. Common Stock,Listed,274.21
EXPI,eXp World Holdings Inc. Common Stock,Listed,10.6
EXPO,Exponent Inc. Common Stock,Listed,73.63
EXTR,Extreme Networks Inc. Common Stock,Listed,16.91
EYE,National Vision Holdings Inc. Common Stock,Listed,28.83
EYPT,EyePoint Pharmaceuticals Inc. Common Stock,Listed,15.99
EZGO,EZGO Technologies Ltd. Ordinary Shares,Listed,2.28
EZPW,EZCORP Inc. Class A Non Voting Common Stock,Listed,20.98
FA,First Advantage Corporation Common Stock,Listed,14.53
FAMI,Farmmi Inc. Ordinary Shares,Listed,1.5
FANG,Diamondback Energy Inc. Common Stock,Listed,156.68
FARM,Farmer Brothers Company Common Stock,Listed,1.5
FAST,Fastenal Company Common Stock,Listed,42.01
FAT,FAT Brands Inc. Class A Common Stock,Listed,0.45
FATBB,FAT Brands Inc. Class B Common Stock,Listed,1.6
FATBP,FAT Brands Inc. 8.25% Series B Cumulative Preferred Stock,Listed,1.08
FATE,Fate Therapeutics Inc. Common Stock,Listed,1.15
FBIO,Fortress Biotech Inc. Common Stock,Listed,2.93
FBIOP,Fortress Biotech Inc. 9.375% Series A Cumulative Redeemable Perpetual Preferred Stock,Listed,7.71
FBIZ,First Business Financial Services Inc. Common Stock,Listed,57.24
FBLG,FibroBiologics Inc. Common Stock,Listed,0.39
FBNC,First Bancorp Common Stock,Listed,53.36
FBRX,Forte Biosciences Inc. Common Stock,Listed,21.37
FBYD,Falcon's Beyond Global Inc. Class A Common Stock,Listed,11.25
FBYDW,Falcon's Beyond Global Inc. Warrants,Listed,1.3
FCAP,First Capital Inc. Common Stock,Listed,65.29
FCBC,First Community Bankshares Inc. (VA) Common Stock,Listed,35.03
FCCO,First Community Corporation Common Stock,Listed,30.65
FCEL,FuelCell Energy Inc. Common Stock,Listed,8.76
FCFS,FirstCash Holdings Inc. Common Stock,Listed,163.91
FCNCA,First Citizens BancShares Inc. Class A Common Stock,Listed,2055.52
FCNCO,First Citizens BancShares Inc. 5.625% Non-Cumulative Perpetual Preferred Stock Series C,Listed,21.33
FCNCP,First Citizens BancShares Inc. Depositary Shares,Listed,20.67
FCUV,Focus Universal Inc. Common Stock,Listed,3.43
FDBC,Fidelity D & D Bancorp Inc. Common Stock,Listed,48.72
FDMT,4D Molecular Therapeutics Inc. Common Stock,Listed,10.84
FDUS,Fidus Investment Corporation Common Stock,Listed,20.11
FEAM,5E Advanced Materials Inc. Common Stock,Listed,3.82
FEBO,Fenbo Holdings Limited Ordinary Shares,Listed,0.86
FEIM,Frequency Electronics Inc. Common Stock,Listed,46.45
FELE,Franklin Electric Co. Inc. Common Stock,Listed,96.05
FEMY,Femasys Inc. Common Stock,Listed,0.86
FENC,Fennec Pharmaceuticals Inc. Common Stock,Listed,7.55
FER,Ferrovial SE Ordinary Shares,Listed,66.75
FFBC,First Financial Bancorp. Common Stock,Listed,26.83
FFIC,Flushing Financial Corporation Common Stock,Listed,17.09
FFIN,First Financial Bankshares Inc. Common Stock,Listed,31.59
FFIV,F5 Inc. Common Stock,Listed,262.67
FGBI,First Guaranty Bancshares Inc. Common Stock,Listed,4.77
FGBIP,First Guaranty Bancshares Inc. 6.75% Series A Fixed-Rate Non-Cumulative Perpetual Preferred Stock,Listed,15.33
FGEN,FibroGen Inc Common Stock,Listed,8.38
FGI,FGI Industries Ltd. Ordinary Shares,Listed,6.4
FHB,First Hawaiian Inc. Common Stock,Listed,26.01
FHTX,Foghorn Therapeutics Inc. Common Stock,Listed,4.44
FIBK,First Interstate BancSystem Inc. Common Stock (DE),Listed,35.4
FINW,FinWise Bancorp Common Stock,Listed,17.79
FIP,FTAI Infrastructure Inc. Common Stock ,Listed,5.13
FISI,Financial Institutions Inc. Common Stock,Listed,32.75
FITB,Fifth Third Bancorp Common Stock,Listed,48.15
FITBI,Fifth Third Bancorp Depositary Shares,Listed,25.84
FITBO,Fifth Third Bancorp Depositary Shares each representing a 1/1000th ownership interest in a share of Non-Cumulative Perpetual Preferred Stock Series K,Listed,19.48
FITBP,Fifth Third Bancorp Depositary Shares each representing 1/40th share of Fifth Third 6.00% Non-Cumulative Perpetual Class B Preferred Stock Series A,Listed,24.85
FIVE,Five Below Inc. Common Stock,Listed,183.41
FIVN,Five9 Inc. Common Stock,Listed,21.14
FIZZ,National Beverage Corp. Common Stock,Listed,33.85
FKWL,Franklin Wireless Corp. Common Stock,Listed,4.53
FLEX,Flex Ltd. Ordinary Shares,Listed,68.8
FLGC,Flora Growth Corp. Common Stock,Listed,9.74
FLGT,Fulgent Genetics Inc. Common Stock,Listed,27.14
FLL,Full House Resorts Inc. Common Stock,Listed,3.08
FLNC,Fluence Energy Inc. Class A Common Stock,Listed,22.19
FLNT,Fluent Inc. Common Stock,Listed,2.21
FLUX,Flux Power Holdings Inc. Common Stock,Listed,1.53
FLWS,1-800-FLOWERS.COM Inc. Common Stock,Listed,3.91
FLXS,Flexsteel Industries Inc. Common Stock,Listed,42.42
FLYW,Flywire Corporation Voting Common Stock,Listed,14.77
FMAO,Farmers & Merchants Bancorp Inc. Common Stock,Listed,27.56
FMBH,First Mid Bancshares Inc. Common Stock,Listed,41.97
FMNB,Farmers National Banc Corp. Common Stock,Listed,14.43
FMST,Foremost Lithium Resource & Technology Ltd. Common stock,Listed,3
FMSTW,Foremost Lithium Resource & Technology Ltd. Warrant,Listed,1.02
FNGR,FingerMotion Inc. Common Stock,Listed,1.57
FNKO,Funko Inc. Class A Common Stock,Listed,3.22
FNLC,First Bancorp Inc  (ME) Common Stock,Listed,27.81
FNWB,First Northwest Bancorp Common Stock,Listed,9.93
FNWD,Finward Bancorp Common Stock,Listed,38.94
FOLD,Amicus Therapeutics Inc. Common Stock,Listed,10.55
FONR,Fonar Corporation Common Stock,Listed,14.75
FORA,Forian Inc. Common Stock,Listed,2.13
FORD,Forward Industries Inc. Common Stock,Listed,7.56
FORL,Four Leaf Acquisition Corporation Class A Common Stock,Listed,11.75
FORLU,Four Leaf Acquisition Corporation Unit,Listed,11.05
FORM,FormFactor Inc. FormFactor Inc. Common Stock,Listed,55.44
FORR,Forrester Research Inc. Common Stock,Listed,7.13
FORTY,Formula Systems (1985) Ltd. American Depositary Shares,Listed,174.69
FOSL,Fossil Group Inc. Common Stock,Listed,3.9
FOX,Fox Corporation Class B Common Stock,Listed,63.08
FOXA,Fox Corporation Class A Common Stock,Listed,71.1
FOXF,Fox Factory Holding Corp. Common Stock,Listed,17.04
FPAY,FlexShopper Inc. Common Stock,Listed,0
FRAF,Franklin Financial Services Corporation Common Stock,Listed,55.32
FRBA,First Bank Common Stock,Listed,17.25
FRGT,Freight Technologies Inc. Ordinary Shares,Listed,0.6
FRHC,Freedom Holding Corp. Common Stock,Listed,136.77
FRME,First Merchants Corporation Common Stock,Listed,38.82
FRMEP,First Merchants Corporation Depository Shares,Listed,25.6
FROG,JFrog Ltd. Ordinary Shares,Listed,68.98
FRPH,FRP Holdings Inc. Common Stock,Listed,23.4
FRPT,Freshpet Inc. Common Stock,Listed,63.42
FRSH,Freshworks Inc. Class A Common Stock,Listed,13.15
FRST,Primis Financial Corp. Common Stock,Listed,13.38
FRSX,Foresight Autonomous Holdings Ltd. American Depositary Shares,Listed,1.87
FSBC,Five Star Bancorp Common Stock,Listed,37.26
FSBW,FS Bancorp Inc. Common Stock,Listed,42.94
FSEA,First Seacoast Bancorp Inc. Common Stock,Listed,12.32
FSFG,First Savings Financial Group Inc. Common Stock,Listed,32.98
FSLR,First Solar Inc. Common Stock,Listed,254.8
FSTR,L.B. Foster Company Common Stock,Listed,26.7
FSV,FirstService Corporation Common Shares,Listed,154.54
FTAI,FTAI Aviation Ltd. Common Stock,Listed,176.92
FTAIM,FTAI Aviation Ltd. 9.500% Fixed-Rate Reset Series D Cumulative Perpetual Redeemable Preferred Shares,Listed,26.91
FTAIN,FTAI Aviation Ltd. 8.25% Fixed - Rate Reset Series C Cumulative Perpetual Redeemable Preferred Shares,Listed,25.39
FTCI,FTC Solar Inc. Common Stock,Listed,9.59
FTDR,Frontdoor Inc. Common Stock,Listed,54.71
FTEK,Fuel Tech Inc. Common Stock,Listed,1.72
FTEL,Fitell Corporation Ordinary Shares,Listed,0.7
FTFT,Future FinTech Group Inc. Common Stock,Listed,1.08
FTHM,Fathom Holdings Inc. Common Stock,Listed,1.24
FTII,FutureTech II Acquisition Corp. Class A Common Stock,Listed,12.02
FTLF,FitLife Brands Inc. Common Stock,Listed,17.97
FTNT,Fortinet Inc. Common Stock,Listed,82.22
FTRE,Fortrea Holdings Inc. Common Stock,Listed,15.72
FUFU,BitFuFu Inc. Class A Ordinary Shares,Listed,2.86
FULC,Fulcrum Therapeutics Inc. Common Stock,Listed,13
FULT,Fulton Financial Corporation Common Stock,Listed,19.88
FULTP,Fulton Financial Corporation Depositary Shares Each Representing a 1/40th Interest in a Share of Fixed Rate Non-Cumulative Perpetual Preferred Stock Series A,Listed,19.08
FUNC,First United Corporation Common Stock,Listed,40.51
FUND,Sprott Focus Trust Inc. Common Stock,Listed,8.59
FUSB,First US Bancshares Inc. Common Stock,Listed,14.3
FUTU,Futu Holdings Limited American Depositary Shares,Listed,171.45
FVCB,FVCBankcorp Inc. Common Stock,Listed,13.7
FWONA,Liberty Media Corporation Series A Liberty Formula One Common Stock,Listed,86.41
FWONK,Liberty Media Corporation Series C Liberty Formula One Common Stock,Listed,93.77
FWRD,Forward Air Corporation Common Stock,Listed,25.47
FWRG,First Watch Restaurant Group Inc. Common Stock,Listed,16.36
FXNC,First National Corporation Common Stock,Listed,25.9
FYBR,Frontier Communications Parent Inc. Common Stock,Listed,38.03
GABC,German American Bancorp Inc. Common Stock,Listed,40.91
GAIA,Gaia Inc. Class A Common Stock,Listed,4.04
GAIN,Gladstone Investment Corporation Business Development Company,Listed,13.96
GAINL,Gladstone Investment Corporation 8.00% Notes due 2028,Listed,25.18
GAINN,Gladstone Investment Corporation 5.00% Notes Due 2026,Listed,25.06
GAINZ,Gladstone Investment Corporation 4.875% Notes due 2028,Listed,23.93
GALT,Galectin Therapeutics Inc. Common Stock,Listed,6.25
GAMB,Gambling.com Group Limited Ordinary Shares,Listed,5.62
GAME,GameSquare Holdings Inc. Common Stock,Listed,0.52
GANX,Gain Therapeutics Inc. Common Stock,Listed,4.14
GASS,StealthGas Inc. Common Stock,Listed,7.18
GBDC,Golub Capital BDC Inc. Common Stock,Listed,13.76
GBIO,Generation Bio Co. Common Stock,Listed,5.43
GBNY,Generations Bancorp NY Inc. Common Stock,Listed,17.78
GCBC,Greene County Bancorp Inc. Common Stock,Listed,24.61
GCMG,GCM Grosvenor Inc. Class A Common Stock,Listed,11.68
GCT,GigaCloud Technology Inc Class A Ordinary Shares,Listed,40.37
GCTK,GlucoTrack Inc. Common Stock,Listed,5.73
GDC,GD Culture Group Limited Common Stock,Listed,3.88
GDEN,Golden Entertainment Inc. Common Stock,Listed,28.21
GDEV,GDEV Inc. Ordinary Shares,Listed,16.64
GDHG,Golden Heaven Group Holdings Ltd. Class A Ordinary Shares,Listed,2.75
GDRX,GoodRx Holdings Inc. Class A Common Stock,Listed,2.82
GDS,GDS Holdings Limited ADS,Listed,36.26
GDST,Goldenstone Acquisition Limited Common Stock,Listed,11.04
GDTC,CytoMed Therapeutics Limited Ordinary Shares,Listed,1.66
GDYN,Grid Dynamics Holdings Inc. Class A Common Stock,Listed,9.69
GECC,Great Elm Capital Corp. Common Stock,Listed,7.72
GECCI,Great Elm Capital Corp. 8.50% NOTES DUE 2029,Listed,25.58
GECCO,Great Elm Capital Corp. 5.875% Notes due 2026,Listed,25.3
GEG,Great Elm Group Inc. Common Stock,Listed,2.65
GEGGL,Great Elm Group Inc.  7.25% Notes due 2027,Listed,24.66
GEHC,GE HealthCare Technologies Inc. Common Stock ,Listed,83.96
GEN,Gen Digital Inc. Common Stock,Listed,27.67
GENK,GEN Restaurant Group Inc. Class A Common Stock,Listed,2.32
GEOS,Geospace Technologies Corporation Common Stock (Texas),Listed,15.57
GERN,Geron Corporation Common Stock,Listed,1.36
GEVO,Gevo Inc. Common Stock,Listed,2.32
GFAI,Guardforce AI Co. Limited Ordinary Shares,Listed,0.84
GFAIW,Guardforce AI Co. Limited Warrant,Listed,0.11
GFS,GlobalFoundries Inc. Ordinary Shares,Listed,38.73
GGAL,Grupo Financiero Galicia S.A. American Depositary Shares,Listed,48.41
GGR,Gogoro Inc. Ordinary Shares,Listed,3.72
GGROW,Gogoro Inc. Warrant,Listed,0.01
GH,Guardant Health Inc. Common Stock,Listed,102.07
GHRS,GH Research PLC Ordinary Shares,Listed,13.03
GIFI,Gulf Island Fabrication Inc. Common Stock,Listed,11.91
GIGM,GigaMedia Limited Ordinary Shares,Listed,1.58
GIII,G-III Apparel Group LTD. Common Stock,Listed,31.41
GILD,Gilead Sciences Inc. Common Stock,Listed,120.4
GILT,Gilat Satellite Networks Ltd. Ordinary Shares,Listed,12.68
GIPR,Generation Income Properties Inc. Common Stock,Listed,0.96
GIPRW,Generation Income Properties Inc Warrant,Listed,0.07
GLAD,Gladstone Capital Corporation Common Stock,Listed,21.45
GLBE,Global-E Online Ltd. Ordinary Shares,Listed,40.15
GLBS,Globus Maritime Limited Common Stock,Listed,1.46
GLBZ,Glen Burnie Bancorp Common Stock,Listed,4.1
GLDD,Great Lakes Dredge & Dock Corporation Common Stock,Listed,13.78
GLMD,Galmed Pharmaceuticals Ltd. Ordinary Shares,Listed,1.05
GLNG,Golar Lng Ltd,Listed,36.99
GLPG,Galapagos NV American Depositary Shares,Listed,31.69
GLPI,Gaming and Leisure Properties Inc. Common Stock,Listed,43.49
GLRE,Greenlight Capital Re Ltd. Class A Ordinary Shares,Listed,14.26
GLSI,Greenwich LifeSciences Inc. Common Stock,Listed,10.73
GLTO,Galecto Inc. Common Stock,Listed,32
GLUE,Monte Rosa Therapeutics Inc. Common Stock,Listed,16.31
GMAB,Genmab A/S ADS,Listed,31.31
GMGI,Golden Matrix Group Inc. Common Stock,Listed,0.85
GMM,Global Mofy Metaverse Limited Ordinary Shares,Listed,1.28
GNFT,GENFIT S.A. American Depositary Shares,Listed,5.74
GNLN,Greenlane Holdings Inc. Class A Common Stock,Listed,3.05
GNLX,Genelux Corporation Common Stock,Listed,4.31
GNPX,Genprex Inc. Common Stock,Listed,2.84
GNSS,Genasys Inc. Common Stock,Listed,2.11
GNTA,Genenta Science S.p.A. American Depositary Shares,Listed,1.41
GNTX,Gentex Corporation Common Stock,Listed,23.67
GO,Grocery Outlet Holding Corp. Common Stock,Listed,10.83
GOCO,GoHealth Inc. Class A Common Stock,Listed,3
GOEV,Canoo Inc. Class A Common Stock,Listed,0.37
GOGO,Gogo Inc. Common Stock,Listed,5.09
GOOD,Gladstone Commercial Corporation Real Estate Investment Trust,Listed,10.85
GOODN,Gladstone Commercial Corporation 6.625% Series E Cumulative Redeemable Preferred Stock,Listed,23.78
GOODO,Gladstone Commercial Corporation 6.00% Series G Cumulative Redeemable Preferred Stock par value $0.001 per share,Listed,20.66
GOOG,Alphabet Inc. Class C Capital Stock,Listed,310.52
GOOGL,Alphabet Inc. Class A Common Stock,Listed,309.29
GORV,Lazydays Holdings Inc. Common Stock,Listed,0.42
GOSS,Gossamer Bio Inc. Common Stock,Listed,3.6
GOVX,GeoVax Labs Inc. Common Stock,Listed,0.37
GP,GreenPower Motor Company Inc. Common Shares,Listed,0.96
GPAK,Gamer Pakistan Inc. Common Stock,Listed,0
GPATU,GP-Act III Acquisition Corp. Units,Listed,10.72
GPCR,Structure Therapeutics Inc. American Depositary Shares,Listed,67.06
GPRE,Green Plains Inc. Common Stock,Listed,9.67
GPRO,GoPro Inc. Class A Common Stock,Listed,1.73
GRAB,Grab Holdings Limited Class A Ordinary Shares,Listed,5.15
GRABW,Grab Holdings Limited Warrant,Listed,0.37
GREE,Greenidge Generation Holdings Inc. Class A Common Stock,Listed,1.82
GREEL,Greenidge Generation Holdings Inc. 8.50% Senior Notes due 2026,Listed,17.83
GRFS,Grifols S.A. American Depositary Shares,Listed,9.14
GRI,GRI Bio Inc. Common Stock,Listed,0.53
GRIN,Grindrod Shipping Holdings Ltd. Ordinary Shares,Listed,27.57
GRNQ,Greenpro Capital Corp. Common Stock,Listed,1.8
GROM,Grom Social Enterprises Inc. Common Stock,Listed,0
GROW,U.S. Global Investors Inc. Class A Common Stock,Listed,2.43
GRPN,Groupon Inc. Common Stock,Listed,16.1
GRRR,Gorilla Technology Group Inc. Ordinary shares,Listed,13.74
GRRRW,Gorilla Technology Group Inc. Warrant,Listed,0.47
GRTX,Galera Therapeutics Inc. Common Stock,Listed,0.02
GRVY,GRAVITY Co. Ltd. American Depository Shares,Listed,57.76
GRWG,GrowGeneration Corp. Common Stock,Listed,1.96
