SYMBOL,SUFFIX,NAME OF COMPANY,Status,Last_Price(5d)
ABAN,.NS,Aban Offshore Limited,Listed,30.44
AHLUCONT,.NS,Ahluwalia Contracts (India) Limited,Listed,958.7
ARSHIYA,.NS,Arshiya Limited,Listed,1.32
BALKRISIND,.NS,Balkrishna Industries Limited,Listed,2349.0
BFUTILITIE,.NS,BF Utilities Limited,Listed,604.7
CAPLIPOINT,.NS,Caplin Point Laboratories Limited,Listed,1963.9
DHUNINV,.NS,Dhunseri Investments Limited,Listed,1163.6
EUROTEXIND,.NS,Eurotex Industries and Exports Limited,Listed,17.34
FORTIS,.NS,Fortis Healthcare Limited,Listed,874.05
GOLDBEES,.NS,Goldman Sachs Gold Exchange Traded Scheme,Listed,109.61
GSPL,.NS,Gujarat State Petronet Limited,Listed,289.2
HCC,.NS,Hindustan Construction Company Limited,Listed,17.94
IGL,.NS,Indraprastha Gas Limited,Listed,186.71
JKLAKSHMI,.NS,JK Lakshmi Cement Limited,Listed,780.0
JUNIORBEES,.NS,Goldman Sachs Nifty Junior Exchange Traded Scheme,Listed,736.41
KPRMILL,.NS,K.P.R. Mill Limited,Listed,973.9
MAGNUM,.NS,Magnum Ventures Limited,Listed,22.68
MSPL,.NS,MSP Steel & Power Limited,Listed,36.37
OFSS,.NS,Oracle Financial Services Software Limited,Listed,7990.0
PUNJLLOYD,.NS,Punj Lloyd Limited,Listed,2.25
RATNAMANI,.NS,Ratnamani Metals & Tubes Limited,Listed,2451.8
RICOAUTO,.NS,Rico Auto Industries Limited,Listed,118.54
SHILPAMED,.NS,Shilpa Medicare Limited,Listed,331.15
SKFINDIA,.NS,SKF India Limited,Listed,1821.4
TAJGVK,.NS,Taj GVK Hotels & Resorts Limited,Listed,385.8
ZEEMEDIA,.NS,Zee Media Corporation Limited,Listed,8.97
DIVISLAB,.NS,Divi's Laboratories Limited,Listed,6426.5
KAMATHOTEL,.NS,Kamat Hotels (I) Limited,Listed,231.83
SOLARINDS,.NS,Solar Industries India Limited,Listed,12304.0
ABBOTINDIA,.NS,Abbott India Limited,Listed,28010.0
ARCOTECH,.NS,Arcotech Limited,Listed,2.2
ASIANHOTNR,.NS,Asian Hotels (North) Limited,Listed,328.7
CENTRALBK,.NS,Central Bank of India,Listed,36.42
COROMANDEL,.NS,Coromandel International Limited,Listed,2326.6
DLINKINDIA,.NS,D-Link (India) Limited,Listed,427.45
ELECTCAST,.NS,Electrosteel Castings Limited,Listed,71.52
GHCL,.NS,GHCL Limited,Listed,576.2
GOLDTECH,.NS,Goldstone Technologies Limited,Listed,52.09
HDIL,.NS,Housing Development and Infrastructure Limited,Listed,2.4
INDIAGLYCO,.NS,India Glycols Limited,Listed,1067.7
IOC,.NS,Indian Oil Corporation Limited,Listed,163.67
KOPRAN,.NS,Kopran Limited,Listed,130.85
LUPIN,.NS,Lupin Limited,Listed,2113.9
MEGASOFT,.NS,Megasoft Limited,Listed,183.74
MOLDTKPAC,.NS,Mold-Tek Packaging Limited,Listed,572.4
NUCLEUS,.NS,Nucleus Software Exports Limited,Listed,921.6
PIIND,.NS,PI Industries Limited,Listed,3311.1
POWERGRID,.NS,Power Grid Corporation of India Limited,Listed,263.6
PSUBNKBEES,.NS,Goldman Sachs PSU Bank Exchange Traded Scheme,Listed,91.87
RELINFRA,.NS,Reliance Infrastructure Limited,Listed,135.75
SHANTIGEAR,.NS,Shanthi Gears Limited,Listed,470.45
SIMBHALS,.NS,Simbhaoli Sugars Limited,Listed,9.77
TIRUMALCHM,.NS,Thirumalai Chemicals Limited,Listed,232.88
WABAG,.NS,VA Tech Wabag Limited,Listed,1245.8
ZEELEARN,.NS,Zee Learn Limited,Listed,7.25
BODALCHEM,.NS,Bodal Chemicals Limited,Listed,52.43
CASTROLIND,.NS,Castrol India Limited,Listed,183.98
DABUR,.NS,Dabur India Limited,Listed,495.0
EDUCOMP,.NS,Educomp Solutions Limited,Listed,1.3
FINPIPE,.NS,Finolex Industries Limited,Listed,165.59
GENUSPOWER,.NS,Genus Power Infrastructures Limited,Listed,303.25
GODREJIND,.NS,Godrej Industries Limited,Listed,1016.6
INDOSOLAR,.NS,Indosolar Limited,Listed,440.05
IRB,.NS,IRB Infrastructure Developers Limited,Listed,41.26
JINDALSAW,.NS,Jindal Saw Limited,Listed,161.2
JSWENERGY,.NS,JSW Energy Limited,Listed,482.2
KEI,.NS,KEI Industries Limited,Listed,4067.1
KOTHARIPRO,.NS,Kothari Products Limited,Listed,72.73
ORTEL,.NS,Ortel Communications Limited,Listed,1.62
RALLIS,.NS,Rallis India Limited,Listed,263.6
SHREERAMA,.NS,Shree Rama Multi-Tech Limited,Listed,53.94
TCI,.NS,Transport Corporation of India Limited,Listed,1048.3
ALLCARGO,.NS,Allcargo Logistics Limited,Listed,11.8
APTECHT,.NS,Aptech Limited,Listed,97.25
BASML,.NS,Bannari Amman Spinning Mills Limited,Listed,27.85
BIOCON,.NS,Biocon Limited,Listed,386.35
BVCL,.NS,Barak Valley Cements Limited,Listed,41.45
CENTEXT,.NS,Century Extrusions Limited,Listed,21.23
DBREALTY,.NS,D B Realty Limited,Listed,119.49
EIDPARRY,.NS,EID Parry India Limited,Listed,1035.4
ESTER,.NS,Ester Industries Limited,Listed,107.21
FLFL,.NS,Future Lifestyle Fashions Limited,Listed,1.46
GENESYS,.NS,Genesys International Corporation Limited,Listed,414.05
GODFRYPHLP,.NS,Godfrey Phillips India Limited,Listed,2851.6
HATHWAY,.NS,Hathway Cable & Datacom Limited,Listed,12.65
HONAUT,.NS,Honeywell Automation India Limited,Listed,33895.0
INDLMETER,.NS,IMP Powers Limited,Listed,23.69
JMFINANCIL,.NS,JM Financial Limited,Listed,146.2
KILITCH,.NS,Kilitch Drugs (India) Limited,Listed,341.65
KSL,.NS,Kalyani Steels Limited,Listed,725.25
MTEDUCARE,.NS,MT Educare Limited,Listed,1.87
PANACEABIO,.NS,Panacea Biotec Limited,Listed,363.25
RENUKA,.NS,Shree Renuka Sugars Limited,Listed,27.21
SABEVENTS,.NS,Sab Events & Governance Now Media Limited,Listed,7.8
SOBHA,.NS,Sobha Limited,Listed,1449.6
STAR,.NS,Strides Shasun Limited,Listed,882.55
TECHNOFAB,.NS,Technofab Engineering Limited,Listed,6.15
TNPL,.NS,Tamil Nadu Newsprint & Papers Limited,Listed,143.06
TVVISION,.NS,TV Vision Limited,Listed,7.77
AUSOMENT,.NS,Ausom Enterprise Limited,Listed,109.09
INDOTHAI,.NS,Indo Thai Securities Limited,Listed,368.15
SASKEN,.NS,Sasken Communication Technologies Limited,Listed,1228.7
SHYAMCENT,.NS,Shyam Century Ferrous Limited,Listed,6.18
VARDMNPOLY,.NS,Vardhman Polytex Limited,Listed,6.28
WENDT,.NS,Wendt (India) Limited,Listed,8123.5
AARVEEDEN,.NS,Aarvee Denims & Exports Limited,Listed,149.61
ADFFOODS,.NS,ADF Foods Limited,Listed,210.78
ALICON,.NS,Alicon Castalloy Limited,Listed,857.95
BASF,.NS,BASF India Limited,Listed,3901.4
CCCL,.NS,Consolidated Construction Consortium Limited,Listed,18.0
CELEBRITY,.NS,Celebrity Fashions Limited,Listed,8.52
COLPAL,.NS,Colgate Palmolive (India) Limited,Listed,2161.3
EIHOTEL,.NS,EIH Limited,Listed,378.15
FCL,.NS,Fineotex Chemical Limited,Listed,24.44
GSS,.NS,GSS Infotech Limited,Listed,18.03
HTMEDIA,.NS,HT Media Limited,Listed,22.15
INDIANCARD,.NS,Indian Card Clothing Company Limited,Listed,242.7
JAYBARMARU,.NS,Jay Bharat Maruti Limited,Listed,88.51
KAMDHENU,.NS,Kamdhenu Limited,Listed,25.93
JKPAPER,.NS,JK Paper Limited,Listed,364.65
KIRIINDUS,.NS,Kiri Industries Limited,Listed,561.55
KIRLOSIND,.NS,Kirloskar Industries Limited,Listed,3308.9
LOKESHMACH,.NS,Lokesh Machines Limited,Listed,173.61
MADHUCON,.NS,Madhucon Projects Limited,Listed,6.11
NAHARPOLY,.NS,Nahar Poly Films Limited,Listed,259.7
NELCO,.NS,NELCO Limited,Listed,757.1
NIITLTD,.NS,NIIT Limited,Listed,88.12
SANGAMIND,.NS,Sangam (India) Limited,Listed,443.35
SHALPAINTS,.NS,Shalimar Paints Limited,Listed,60.25
SHREEPUSHK,.NS,Shree Pushkar Chemicals & Fertilisers Limited,Listed,383.7
TARMAT,.NS,Tarmat Limited,Listed,51.65
THYROCARE,.NS,Thyrocare Technologies Limited,Listed,435.75
TIIL,.NS,Technocraft Industries (India) Limited,Listed,2195.3
TRITURBINE,.NS,Triveni Turbine Limited,Listed,532.9
TTL,.NS,T T Limited,Listed,8.76
VIVIDHA,.NS,Visagar Polytex Limited,Listed,0.71
WONDERLA,.NS,Wonderla Holidays Limited,Listed,543.6
SALONA,.NS,Salona Cotspin Limited,Listed,285.05
WANBURY,.NS,Wanbury Limited,Listed,237.3
ALANKIT,.NS,Alankit Limited,Listed,10.99
ALPHAGEO,.NS,Alphageo (India) Limited,Listed,220.67
RELIANCE,.NS,Reliance Industries Limited,Listed,1556.5
RUPA,.NS,Rupa & Company Limited,Listed,162.75
SETFNN50,.NS,SBI-ETF Nifty Next 50,Listed,729.22
XPROINDIA,.NS,Xpro India Limited,Listed,965.1
ZEEL,.NS,Zee Entertainment Enterprises Limited,Listed,94.17
ATNINTER,.NS,ATN International Limited,Listed,0.2
SILINV,.NS,SIL Investments Limited,Listed,515.8
SOUTHBANK,.NS,The South Indian Bank Limited,Listed,39.96
TFL,.NS,Transwarranty Finance Limited,Listed,13.56
BHAGERIA,.NS,Bhageria Industries Limited,Listed,177.35
BLUECOAST,.NS,Blue Coast Hotels Limited,Listed,34.87
BSL,.NS,BSL Limited,Listed,162.31
CREST,.NS,Crest Ventures Limited,Listed,359.8
CYIENT,.NS,Cyient Limited,Listed,1167.7
JAMNAAUTO,.NS,Jamna Auto Industries Limited,Listed,124.79
REMSONSIND,.NS,Remsons Industries Limited,Listed,118.23
AVANTIFEED,.NS,Avanti Feeds Limited,Listed,807.1
BOSCHLTD,.NS,Bosch Limited,Listed,36715.0
DISHTV,.NS,Dish TV India Limited,Listed,4.05
DREDGECORP,.NS,Dredging Corporation of India Limited,Listed,1034.7
ORICONENT,.NS,Oricon Enterprises Limited,Listed,58.91
PATELENG,.NS,Patel Engineering Limited,Listed,30.14
RADICO,.NS,Radico Khaitan Limited,Listed,3224.1
UTISENSETF,.NS,UTI Mutual Fund - UTI-Sensex Exchange Traded Fund,Listed,940.0
PGHH,.NS,Procter & Gamble Hygiene and Health Care Limited,Listed,12774.0
HFCL,.NS,Himachal Futuristic Communications Limited,Listed,66.56
LICNFNHGP,.NS,LICNAMC - LICNFNHGP,Listed,289.29
BLUECHIP,.NS,Blue Chip India Limited,Listed,3.27
CEATLTD,.NS,CEAT Limited,Listed,3730.5
CONTROLPR,.NS,Control Print Limited,Listed,725.85
DCMSHRIRAM,.NS,DCM Shriram Limited,Listed,1244.8
NILAINFRA,.NS,Nila Infrastructures Limited,Listed,9.85
QUESS,.NS,Quess Corp Limited,Listed,209.51
LYPSAGEMS,.NS,Lypsa Gems & Jewellery Limited,Listed,5.05
BANCOINDIA,.NS,Banco Products (I) Limited,Listed,710.65
BEPL,.NS,Bhansali Engineering Polymers Limited,Listed,89.71
BOMDYEING,.NS,Bombay Dyeing & Mfg Company Limited,Listed,131.38
GUFICBIO,.NS,Gufic Biosciences Limited,Listed,348.2
GULPOLY,.NS,Gulshan Polyols Limited,Listed,136.11
LIQUIDBEES,.NS,Goldman Sachs Liquid Exchange Traded Scheme,Listed,1000.0
PIONEEREMB,.NS,Pioneer Embroideries Limited,Listed,29.03
INDUSFILA,.NS,Indus Fila Limited,Listed,2.35
BHARTIARTL,.NS,Bharti Airtel Limited,Listed,2083.4
BLUESTARCO,.NS,Blue Star Limited,Listed,1796.7
GOKUL,.NS,Gokul Refoils and Solvent Limited,Listed,40.8
GPIL,.NS,Godawari Power And Ispat limited,Listed,238.61
GREENPLY,.NS,Greenply Industries Limited,Listed,275.3
MAHASTEEL,.NS,Mahamaya Steel Industries Limited,Listed,822.4
ALKALI,.NS,Alkali Metals Limited,Listed,81.85
ANSALAPI,.NS,Ansal Properties & Infrastructure Limited,Listed,3.46
ASHIMASYN,.NS,Ashima Limited,Listed,18.34
AXISGOLD,.NS,Axis Mutual Fund - Axis Gold ETF,Listed,110.78
BIRLAMONEY,.NS,Aditya Birla Money Limited,Listed,148.43
BSLNIFTY,.NS,Birla Sun Life Mutual Fund - Birla Sun Life Nifty ETF - Growth,Listed,30.31
INDHOTEL,.NS,The Indian Hotels Company Limited,Listed,735.05
INDIACEM,.NS,The India Cements Limited,Listed,414.15
JAYNECOIND,.NS,Jayaswal Neco Industries Limited,Listed,72.75
LALPATHLAB,.NS,Dr. Lal Path Labs Ltd.,Listed,2874.5
MANALIPETC,.NS,Manali Petrochemicals Limited,Listed,61.08
NLCINDIA,.NS,NLC India Limited,Listed,243.9
PFOCUS,.NS,Prime Focus Limited,Listed,200.89
PONNIERODE,.NS,Ponni Sugars (Erode) Limited,Listed,282.75
REPCOHOME,.NS,Repco Home Finance Limited,Listed,401.45
SARDAEN,.NS,Sarda Energy & Minerals Limited,Listed,511.4
SHYAMTEL,.NS,Shyam Telecom Limited,Listed,12.84
VSTTILLERS,.NS,V.S.T Tillers Tractors Limited,Listed,5760.0
VIJIFIN,.NS,Viji Finance Limited,Listed,2.52
GPTINFRA,.NS,GPT Infraprojects Limited,Listed,103.41
KAYA,.NS,Kaya Limited,Listed,355.8
MERCATOR,.NS,Mercator Limited,Listed,0.85
MORARJEE,.NS,Morarjee Textiles Limited,Listed,7.41
PGIL,.NS,Pearl Global Industries Limited,Listed,1590.1
PRECOT,.NS,Precot Meridian Limited,Listed,440.2
VARDHACRLC,.NS,Vardhman Acrylics Limited,Listed,37.01
AIAENG,.NS,AIA Engineering Limited,Listed,3749.8
ALPSINDUS,.NS,Alps Industries Limited,Listed,2.87
BALPHARMA,.NS,Bal Pharma Limited,Listed,73.55
BFINVEST,.NS,BF Investment Limited,Listed,410.1
BHARATRAS,.NS,Bharat Rasayan Limited,Listed,2657.0
DHAMPURSUG,.NS,Dhampur Sugar Mills Limited,Listed,131.01
DICIND,.NS,DIC India Limited,Listed,488.55
GANDHITUBE,.NS,Gandhi Special Tubes Limited,Listed,749.9
GUJAPOLLO,.NS,Gujarat Apollo Industries Limited,Listed,439.3
HAVELLS,.NS,Havells India Limited,Listed,1409.6
SADBHAV,.NS,Sadbhav Engineering Limited,Listed,9.97
SBIN,.NS,State Bank of India,Listed,963.15
SETFNIFBK,.NS,SBI-ETF Nifty Bank,Listed,607.89
BALKRISHNA,.NS,Balkrishna Paper Mills Limited,Listed,20.37
BANARISUG,.NS,Bannari Amman Sugars Limited,Listed,3638.1
BGRENERGY,.NS,BGR Energy Systems Limited,Listed,343.5
BLKASHYAP,.NS,B. L. Kashyap and Sons Limited,Listed,50.66
CINEVISTA,.NS,Cinevista Limited,Listed,14.75
DCBBANK,.NS,DCB BANK LIMITED,Listed,171.29
DPSCLTD,.NS,DPSC Limited,Listed,10.24
DUCON,.NS,Ducon Infratechnologies Limited,Listed,3.57
GSFC,.NS,Gujarat State Fertilizers & Chemicals Limited,Listed,172.18
HCLTECH,.NS,HCL Technologies Limited,Listed,1673.2
HITECHGEAR,.NS,The Hi-Tech Gears Limited,Listed,690.0
KAJARIACER,.NS,Kajaria Ceramics Limited,Listed,1053.0
KSCL,.NS,Kaveri Seed Company Limited,Listed,967.9
MUTHOOTFIN,.NS,Muthoot Finance Limited,Listed,3837.6
LT,.NS,Larsen & Toubro Limited,Listed,4074.1
MARUTI,.NS,Maruti Suzuki India Limited,Listed,16522.0
PCJEWELLER,.NS,PC Jeweller Limited,Listed,10.6
PREMIERPOL,.NS,Premier Polyfilm Limited,Listed,42.67
RTNPOWER,.NS,RattanIndia Power Limited,Listed,9.62
RAMKY,.NS,Ramky Infrastructure Limited,Listed,550.65
REFEX,.NS,Refex Industries Limited,Listed,254.9
RPGLIFE,.NS,RPG Life Sciences Limited,Listed,2316.4
SAMBHAAV,.NS,Sambhaav Media Limited,Listed,9.97
SESHAPAPER,.NS,Seshasayee Paper and Boards Limited,Listed,241.64
SHEMAROO,.NS,Shemaroo Entertainment Limited,Listed,108.92
BAGFILMS,.NS,B.A.G Films and Media Limited,Listed,6.47
BANKINDIA,.NS,Bank of India,Listed,141.12
BANG,.NS,Bang Overseas Limited,Listed,48.77
BHEL,.NS,Bharat Heavy Electricals Limited,Listed,285.15
BIGBLOC,.NS,Bigbloc Construction Limited,Listed,66.37
CENTENKA,.NS,Century Enka Limited,Listed,449.55
CUPID,.NS,Cupid Limited,Listed,394.0
DIGJAMLTD,.NS,Digjam Limited,Listed,48.62
DATAMATICS,.NS,Datamatics Global Services Limited,Listed,826.4
ESSARSHPNG,.NS,Essar Shipping Limited,Listed,28.2
EVEREADY,.NS,Eveready Industries India Limited,Listed,324.75
FLEXITUFF,.NS,Flexituff International Limited,Listed,14.86
GILLANDERS,.NS,Gillanders Arbuthnot & Company Limited,Listed,106.66
GRINDWELL,.NS,Grindwell Norton Limited,Listed,1582.0
HILTON,.NS,Hilton Metal Forging Limited,Listed,40.83
GODREJCP,.NS,Godrej Consumer Products Limited,Listed,1153.8
HINDUNILVR,.NS,Hindustan Unilever Limited,Listed,2260.6
IMFA,.NS,Indian Metals & Ferro Alloys Limited,Listed,1392.1
IDBI,.NS,IDBI Bank Limited,Listed,99.78
IGARASHI,.NS,Igarashi Motors India Limited,Listed,430.65
INTELLECT,.NS,Intellect Design Arena Limited,Listed,1030.0
JBFIND,.NS,JBF Industries Limited,Listed,4.3
JISLDVREQS,.NS,Jain Irrigation Systems Limited,Listed,26.84
JPPOWER,.NS,Jaiprakash Power Ventures Limited,Listed,18.25
LICNETFGSC,.NS,LIC NOMURA MF - LIC NOMURA MF G-sec LT ETF - GO,Listed,28.65
MAHSEAMLES,.NS,Maharashtra Seamless Limited,Listed,559.65
MARICO,.NS,Marico Limited,Listed,727.05
MBECL,.NS,Mcnally Bharat Engineering Company Limited,Listed,65.4
MAWANASUG,.NS,Mawana Sugars Limited,Listed,83.98
MMFL,.NS,MM Forgings Limited,Listed,359.4
MOLDTECH,.NS,Mold-Tek Technologies Limited,Listed,160.21
ORIENTLTD,.NS,Orient Press Limited,Listed,77.37
PARSVNATH,.NS,Parsvnath Developers Limited,Listed,12.62
RAMCOCEM,.NS,The Ramco Cements Limited,Listed,1055.0
SHK,.NS,S H Kelkar and Company Limited,Listed,166.88
SKIPPER,.NS,Skipper Limited,Listed,437.8
SYNGENE,.NS,Syngene International Limited,Listed,647.0
TATAPOWER,.NS,Tata Power Company Limited,Listed,381.95
TDPOWERSYS,.NS,TD Power Systems Limited,Listed,687.1
TBZ,.NS,Tribhovandas Bhimji Zaveri Limited,Listed,164.35
TFCILTD,.NS,Tourism Finance Corporation of India Limited,Listed,66.45
USHAMART,.NS,Usha Martin Limited,Listed,440.6
APLAPOLLO,.NS,APL Apollo Tubes Limited,Listed,1737.9
ARROWGREEN,.NS,Arrow Greentech Limited,Listed,520.75
CCHHL,.NS,Country Club Hospitality & Holidays Limited,Listed,15.57
IOLCP,.NS,IOL Chemicals and Pharmaceuticals Limited,Listed,83.08
IVP,.NS,IVP Limited,Listed,147.5
KSK,.NS,KSK Energy Ventures Limited,Listed,0.55
LIBERTSHOE,.NS,Liberty Shoes Limited,Listed,279.85
KHANDSE,.NS,Khandwala Securities Limited,Listed,21.87
SETFGOLD,.NS,SBI-ETF Gold,Listed,112.96
AIL,.NS,Alstom India Limited,Listed,41.0
ASIANPAINT,.NS,Asian Paints Limited,Listed,2764.8
BALMLAWRIE,.NS,Balmer Lawrie & Company Limited,Listed,177.81
EICHERMOT,.NS,Eicher Motors Limited,Listed,7229.0
EMAMILTD,.NS,Emami Limited,Listed,539.55
GODREJPROP,.NS,Godrej Properties Limited,Listed,2075.1
GPPL,.NS,Gujarat Pipavav Port Limited,Listed,188.3
GRPLTD,.NS,GRP Limited,Listed,1784.5
INFIBEAM,.NS,Infibeam Incorporation Limited,Listed,17.04
RUBYMILLS,.NS,The Ruby Mills Limited,Listed,217.57
THOMASCOOK,.NS,Thomas Cook (India) Limited,Listed,139.19
ZUARI,.NS,Zuari Agro Chemicals Limited,Listed,293.65
CENTURYPLY,.NS,Century Plyboards (India) Limited,Listed,844.0
TATAELXSI,.NS,Tata Elxsi Limited,Listed,5030.5
TVSMOTOR,.NS,TVS Motor Company Limited,Listed,3655.2
APOLSINHOT,.NS,Apollo Sindoori Hotels Limited,Listed,1192.6
APLLTD,.NS,Alembic Pharmaceuticals Limited,Listed,876.9
AHLEAST,.NS,Asian Hotels (East) Limited,Listed,133.89
AKZOINDIA,.NS,Akzo Nobel India Limited,Listed,3601.2
AJANTPHARM,.NS,Ajanta Pharma Limited,Listed,2659.8
ALEMBICLTD,.NS,Alembic Limited,Listed,102.1
ALMONDZ,.NS,Almondz Global Securities Limited,Listed,15.76
AMBIKCO,.NS,Ambika Cotton Mills Limited,Listed,1274.6
AROGRANITE,.NS,Aro Granite Industries Limited,Listed,29.89
ARSSINFRA,.NS,ARSS Infrastructure Projects Limited,Listed,54.27
ANANTRAJ,.NS,Anant Raj Limited,Listed,550.45
ANDHRSUGAR,.NS,The Andhra Sugars Limited,Listed,77.08
BATAINDIA,.NS,Bata India Limited,Listed,960.25
AXISCADES,.NS,AXISCADES Engineering Technologies Limited,Listed,1297.9
BAJAJFINSV,.NS,Bajaj Finserv Limited,Listed,2083.1
BEL,.NS,Bharat Electronics Limited,Listed,389.45
BALRAMCHIN,.NS,Balrampur Chini Mills Limited,Listed,438.6
BAYERCROP,.NS,Bayer Cropscience Limited,Listed,4408.8
BLUEBLENDS,.NS,Blue Blends (I) Limited,Listed,0.8
CANDC,.NS,C & C Constructions Limited,Listed,2.35
CESC,.NS,CESC Limited,Listed,170.07
CROMPTON,.NS,Crompton Greaves Consumer Electricals Limited,Listed,254.1
CIPLA,.NS,Cipla Limited,Listed,1517.4
COALINDIA,.NS,Coal India Limited,Listed,383.35
DBL,.NS,Dilip Buildcon Limited,Listed,445.35
CRISIL,.NS,CRISIL Limited,Listed,4498.6
CUMMINSIND,.NS,Cummins India Limited,Listed,4600.2
CYBERTECH,.NS,Cybertech Systems And Software Limited,Listed,148.55
EKC,.NS,Everest Kanto Cylinder Limited,Listed,118.97
DQE,.NS,DQ Entertainment (International) Limited,Listed,0.85
DENORA,.NS,De Nora India Limited,Listed,709.3
ENIL,.NS,Entertainment Network (India) Limited,Listed,114.94
ENERGYDEV,.NS,Energy Development Company Limited,Listed,20.21
ELGIRUBCO,.NS,Elgi Rubber Company Limited,Listed,52.94
EXIDEIND,.NS,Exide Industries Limited,Listed,373.75
FOSECOIND,.NS,Foseco India Limited,Listed,5182.5
GAIL,.NS,GAIL (India) Limited,Listed,170.71
GRAVITA,.NS,Gravita India Limited,Listed,1844.2
GLENMARK,.NS,Glenmark Pharmaceuticals Limited,Listed,1975.0
GUJALKALI,.NS,Gujarat Alkalies and Chemicals Limited,Listed,507.2
HCG,.NS,Healthcare Global Enterprises Limited,Listed,715.15
HDFCNIFETF,.NS,HDFCAMC - HDFCNIFETF,Listed,289.9
GVKPIL,.NS,GVK Power & Infrastructure Limited,Listed,3.21
HIKAL,.NS,Hikal Limited,Listed,252.71
HINDCOMPOS,.NS,Hindustan Composites Limited,Listed,420.15
HUBTOWN,.NS,Hubtown Limited,Listed,245.1
HEG,.NS,HEG Limited,Listed,534.5
HEIDELBERG,.NS,HeidelbergCement India Limited,Listed,175.42
IVZINNIFTY,.NS,Invesco India Nifty Exchange Traded Fund,Listed,2966.82
INDNIPPON,.NS,India Nippon Electricals Limited,Listed,797.7
INDUSINDBK,.NS,IndusInd Bank Limited,Listed,846.15
JBCHEPHARM,.NS,JB Chemicals & Pharmaceuticals Limited,Listed,1798.0
KEC,.NS,KEC International Limited,Listed,690.95
LOTUSEYE,.NS,Lotus Eye Care Hospital Limited,Listed,129.34
LUMAXIND,.NS,Lumax Industries Limited,Listed,5496.0
LUXIND,.NS,Lux Industries Limited,Listed,1119.2
MAANALU,.NS,Maan Aluminium Limited,Listed,156.44
MANINDS,.NS,Man Industries (India) Limited,Listed,443.4
MFSL,.NS,Max Financial Services Limited,Listed,1719.0
MASTEK,.NS,Mastek Limited,Listed,2172.4
METKORE,.NS,Metkore Alloys & Industries Limited,Listed,0.65
MENONBE,.NS,Menon Bearings Limited,Listed,106.03
MINDACORP,.NS,Minda Corporation Limited,Listed,584.95
PARAGMILK,.NS,Parag Milk Foods Limited,Listed,320.0
MUTHOOTCAP,.NS,Muthoot Capital Services Limited,Listed,277.95
NAGREEKCAP,.NS,Nagreeka Capital & Infrastructure Limited,Listed,27.1
NAVINFLUOR,.NS,Navin Fluorine International Limited,Listed,6122.5
NDGL,.NS,Naga Dhunseri Group Limited,Listed,2926.3
NDTV,.NS,New Delhi Television Limited,Listed,82.15
NEULANDLAB,.NS,Neuland Laboratories Limited,Listed,16079.0
NETWORK18,.NS,Network18 Media & Investments Limited,Listed,42.87
OMKARCHEM,.NS,Omkar Speciality Chemicals Limited,Listed,5.21
OBEROIRLTY,.NS,Oberoi Realty Limited,Listed,1659.8
ONELIFECAP,.NS,Onelife Capital Advisors Limited,Listed,16.94
ORIENTBELL,.NS,Orient Bell Limited,Listed,269.15
PILITA,.NS,PIL ITALICA LIFESTYLE LIMITED,Listed,10.59
PENINLAND,.NS,Peninsula Land Limited,Listed,26.7
PFC,.NS,Power Finance Corporation Limited,Listed,344.2
PINCON,.NS,Pincon Spirit Limited,Listed,6.9
PREMEXPLN,.NS,Premier Explosives Limited,Listed,502.3
PUNJABCHEM,.NS,Punjab Chemicals & Crop Protection Limited,Listed,1256.4
QGOLDHALF,.NS,Quantum Gold Fund -Exchange Traded Fund (ETF),Listed,109.38
QUICKHEAL,.NS,Quick Heal Technologies Limited,Listed,281.1
RANEHOLDIN,.NS,Rane Holdings Limited,Listed,1360.8
RBLBANK,.NS,RBL Bank Limited,Listed,307.6
SADBHIN,.NS,Sadbhav Infrastructure Project Limited,Listed,3.73
SETCO,.NS,Setco Automotive Limited,Listed,15.09
SATIN,.NS,Satin Creditcare Network Limited,Listed,143.49
SCI,.NS,Shipping Corporation Of India Limited,Listed,225.42
SHARDAMOTR,.NS,Sharda Motor Industries Limited,Listed,950.2
SKMEGGPROD,.NS,SKM Egg Products Export (India) Limited,Listed,437.6
SPECIALITY,.NS,Speciality Restaurants Limited,Listed,116.72
SUZLON,.NS,Suzlon Energy Limited,Listed,53.02
TCS,.NS,Tata Consultancy Services Limited,Listed,3220.5
TEAMLEASE,.NS,Teamlease Services Limited,Listed,1602.6
TIL,.NS,TIL Limited,Listed,266.95
TNPETRO,.NS,Tamilnadu PetroProducts Limited,Listed,104.34
TORNTPOWER,.NS,Torrent Power Limited,Listed,1290.8
TRIDENT,.NS,Trident Limited,Listed,27.63
TRF,.NS,TRF Limited,Listed,302.25
TTKPRESTIG,.NS,TTK Prestige Limited,Listed,640.55
TVTODAY,.NS,TV Today Network Limited,Listed,135.1
UTINIFTETF,.NS,UTI Mutual Fund - UTI-Nifty Exchange Traded Fund,Listed,286.74
UCOBANK,.NS,UCO Bank,Listed,29.06
UNITECH,.NS,Unitech Limited,Listed,6.0
UNIVCABLES,.NS,Universal Cables Limited,Listed,895.25
UPL,.NS,UPL Limited,Listed,748.35
VASWANI,.NS,Vaswani Industries Limited,Listed,58.5
VGUARD,.NS,V-Guard Industries Limited,Listed,330.5
VASCONEQ,.NS,Vascon Engineers Limited,Listed,45.36
VENKEYS,.NS,Venky's (India) Limited,Listed,1420.7
VINDHYATEL,.NS,Vindhya Telelinks Limited,Listed,1417.1
VIVIMEDLAB,.NS,Vivimed Labs Limited,Listed,4.95
VSSL,.NS,Vardhman Special Steels Limited,Listed,288.9
VLSFINANCE,.NS,VLS Finance Limited,Listed,299.45
VOLTAMP,.NS,Voltamp Transformers Limited,Listed,8100.5
VSTIND,.NS,VST Industries Limited,Listed,255.3
WEIZMANIND,.NS,Weizmann Limited,Listed,100.01
WHIRLPOOL,.NS,Whirlpool of India Limited,Listed,925.4
WELCORP,.NS,Welspun Corp Limited,Listed,793.3
ZENTEC,.NS,Zen Technologies Limited,Listed,1389.1
WHEELS,.NS,Wheels India Limited,Listed,842.1
ANIKINDS,.NS,Anik Industries Limited,Listed,55.08
ASIL,.NS,Amit Spinning Industries Limited,Listed,0.7
GANGOTRI,.NS,Gangotri Textiles Limited,Listed,0.61
CUBEXTUB,.NS,Cubex Tubings Limited,Listed,95.21
PARASPETRO,.NS,Paras Petrofils Limited,Listed,1.92
ALPA,.NS,Alpa Laboratories Limited,Listed,80.58
INDOWIND,.NS,Indowind Energy Limited,Listed,14.35
THOMASCOTT,.NS,Thomas Scott (India) Limited,Listed,348.95
SRHHYPOLTD,.NS,Sree Rayalaseema Hi-Strength Hypo Limited,Listed,491.0
SPMLINFRA,.NS,SPML Infra Limited,Listed,174.11
NIFTY_FIN_SERVICE,.NS,National Stock Exchange of India (NSE) Stock Index - Nifty Financial Services,Listed,27672.6
RMMIL,.NS,Resurgere Mines & Minerals Limited,Listed,0.4
FRETAIL,.NS,Future Retail Limited,Listed,2.28
TULSI,.NS,Tulsi Extrusions Limited,Listed,0.5
APLAB,.NS,Aplab Limited,Listed,32.5
NIFTY_CPSE,.NS,National Stock Exchange of India (NSE) Stock Index - Nifty CPSE,Listed,6232.6
BHARATFORG,.NS,Bharat Forge Limited,Listed,1426.6
BUTTERFLY,.NS,Butterfly Gandhimathi Appliances Limited,Listed,688.8
EASUNREYRL,.NS,Easun Reyrolle Limited,Listed,2.4
KARMAENG,.NS,Karma Energy Limited,Listed,51.93
MANGALAM,.NS,Mangalam Drugs And Organics Limited,Listed,25.2
RAJSREESUG,.NS,Rajshree Sugars & Chemicals Limited,Listed,37.79
MMTC,.NS,MMTC Limited,Listed,55.3
MOREPENLAB,.NS,Morepen Laboratories Limited,Listed,41.51
MPSLTD,.NS,MPS Limited,Listed,1997.8
NATIONALUM,.NS,National Aluminium Company Limited,Listed,278.15
MTNL,.NS,Mahanagar Telephone Nigam Limited,Listed,36.86
MUKTAARTS,.NS,Mukta Arts Limited,Listed,61.29
ORIENTALTL,.NS,Oriental Trimex Limited,Listed,8.67
MUKANDLTD,.NS,Mukand Limited,Listed,136.9
MURUDCERA,.NS,Murudeshwar Ceramics Limited,Listed,34.69
NAHARINDUS,.NS,Nahar Industrial Enterprises Limited,Listed,109.07
NFL,.NS,National Fertilizers Limited,Listed,85.79
NAHARSPING,.NS,Nahar Spinning Mills Limited,Listed,199.47
NHPC,.NS,NHPC Limited,Listed,77.13
NAUKRI,.NS,Info Edge (India) Limited,Listed,1377.7
OMAXE,.NS,Omaxe Limited,Listed,65.02
NCC,.NS,NCC Limited,Listed,160.66
NDL,.NS,Nandan Denim Limited,Listed,2.98
NECLIFE,.NS,Nectar Lifesciences Limited,Listed,21.04
NOCIL,.NS,NOCIL Limited,Listed,158.88
NESCO,.NS,Nesco Limited,Listed,1243.7
NELCAST,.NS,Nelcast Limited,Listed,109.44
NEXTMEDIA,.NS,Next Mediaworks Limited,Listed,6.15
NILKAMAL,.NS,Nilkamal Limited,Listed,1419.4
NIPPOBATRY,.NS,Indo-National Limited,Listed,425.0
NITCO,.NS,Nitco Limited,Listed,90.99
ONMOBILE,.NS,OnMobile Global Limited,Listed,56.2
NITINSPIN,.NS,Nitin Spinners Limited,Listed,317.65
ONWARDTEC,.NS,Onward Technologies Limited,Listed,277.25
NITINFIRE,.NS,Nitin Fire Protection Industries Limited,Listed,1.85
NMDC,.NS,NMDC Limited,Listed,77.94
NRBBEARING,.NS,NRB Bearing Limited,Listed,284.65
ORBTEXP,.NS,Orbit Exports Limited,Listed,185.6
NSIL,.NS,Nalwa Sons Investments Limited,Listed,6725.0
PRAKASHSTL,.NS,Prakash Steelage Limited,Listed,4.07
NOIDATOLL,.NS,Noida Toll Bridge Company Limited,Listed,4.52
PARACABLES,.NS,Paramount Communications Limited,Listed,36.95
NUTEK,.NS,Nu Tek India Limited,Listed,0.35
NTPC,.NS,NTPC Limited,Listed,325.05
OMAXAUTO,.NS,Omax Autos Limited,Listed,99.29
ONGC,.NS,Oil & Natural Gas Corporation Limited,Listed,238.02
PGEL,.NS,PG Electroplast Limited,Listed,567.1
OIL,.NS,Oil India Limited,Listed,404.35
PDPL,.NS,Parenteral Drugs (India) Limited,Listed,2.9
RCOM,.NS,Reliance Communications Limited,Listed,1.18
ORIENTHOT,.NS,Oriental Hotels Limited,Listed,106.35
ORIENTPPR,.NS,Orient Paper & Industries Limited,Listed,23.24
ORISSAMINE,.NS,The Orissa Minerals Development Company Limited,Listed,4736.4
PENIND,.NS,Pennar Industries Limited,Listed,200.89
PAGEIND,.NS,Page Industries Limited,Listed,36930.0
PANAMAPET,.NS,Panama Petrochem Limited,Listed,276.5
PATINTLOG,.NS,Patel Integrated Logistics Limited,Listed,13.67
PEARLPOLY,.NS,Pearl Polymers Limited,Listed,22.15
PERSISTENT,.NS,Persistent Systems Limited,Listed,6336.5
PETRONET,.NS,Petronet LNG Limited,Listed,268.95
PFIZER,.NS,Pfizer Limited,Listed,5000.2
POLYPLEX,.NS,Polyplex Corporation Limited,Listed,828.55
PFS,.NS,PTC India Financial Services Limited,Listed,34.28
PIDILITIND,.NS,Pidilite Industries Limited,Listed,1476.8
PHOENIXLTD,.NS,The Phoenix Mills Limited,Listed,1770.9
RAYMOND,.NS,Raymond Limited,Listed,451.9
PNB,.NS,Punjab National Bank,Listed,117.81
PNBGILTS,.NS,PNB Gilts Limited,Listed,79.49
PRIMESECU,.NS,Prime Securities Limited,Listed,280.7
PNC,.NS,Pritish Nandy Communications Limited,Listed,27.2
POLYMED,.NS,Poly Medicure Limited,Listed,1889.8
PPAP,.NS,PPAP Automotive Limited,Listed,218.23
PRAKASH,.NS,Prakash Industries Limited,Listed,134.73
PRAENG,.NS,Prajay Engineers Syndicate Limited,Listed,28.27
PRECWIRE,.NS,Precision Wires India Limited,Listed,235.9
PRESTIGE,.NS,Prestige Estates Projects Limited,Listed,1660.9
PREMIER,.NS,Premier Limited,Listed,2.78
PTC,.NS,PTC India Limited,Listed,155.9
RAMCOSYS,.NS,Ramco Systems Limited,Listed,658.75
PSB,.NS,Punjab & Sind Bank,Listed,27.71
SANWARIA,.NS,Sanwaria Agro Oils Limited,Listed,0.26
PURVA,.NS,Puravankara Projects Limited,Listed,243.78
PTL,.NS,PTL Enterprises Limited,Listed,39.08
REPRO,.NS,Repro India Limited,Listed,466.25
RMCL,.NS,Radha Madhav Corporation Limited,Listed,200.0
RAJTV,.NS,Raj Television Network Limited,Listed,40.62
RAIN,.NS,Rain Industries Limited,Listed,106.86
RAJESHEXPO,.NS,Rajesh Exports Limited,Listed,192.25
RAMCOIND,.NS,Ramco Industries Limited,Listed,317.2
RANASUG,.NS,Rana Sugars Limited,Listed,13.25
QNIFTY,.NS,Quantum Index Fund -Exchange Traded Fund (ETF),Listed,2847.02
SHARIABEES,.NS,Goldman Sachs S&P CNX Nifty Shariah Index Exchange Traded Scheme,Listed,511.84
RCF,.NS,Rashtriya Chemicals and Fertilizers Limited,Listed,138.19
RKFORGE,.NS,Ramkrishna Forgings Limited,Listed,516.15
RECLTD,.NS,Rural Electrification Corporation Limited,Listed,344.4
RAMANEWS,.NS,Shree Rama Newsprint Limited,Listed,31.17
ROSSELLIND,.NS,Rossell India Limited,Listed,55.05
RELAXO,.NS,Relaxo Footwears Limited,Listed,405.05
RPOWER,.NS,Reliance Power Limited,Listed,34.53
RELCONS,.NS,Reliance MF - R*Shares Consumption Fund - R* SHARES CONSUMPTION FUND,Listed,128.47
RELIGARE,.NS,Religare Enterprises Limited,Listed,233.66
RUCHIRA,.NS,Ruchira Papers Limited,Listed,120.29
RESPONIND,.NS,Responsive Industries Limited,Listed,194.57
SGL,.NS,STL Global Limited,Listed,13.04
SAGCEM,.NS,Sagar Cements Limited,Listed,213.02
RIIL,.NS,Reliance Industrial Infrastructure Limited,Listed,823.65
SAIL,.NS,Steel Authority of India Limited,Listed,131.9
RKDL,.NS,Ravi Kumar Distilleries Limited,Listed,24.24
ROHLTD,.NS,Royal Orchid Hotels Limited,Listed,383.25
SALSTEEL,.NS,S.A.L. Steel Limited,Listed,35.3
RML,.NS,Rane (Madras) Limited,Listed,741.05
ROLTA,.NS,Rolta India Limited,Listed,1.77
SURYAROSNI,.NS,Surya Roshni Limited,Listed,261.15
RPPINFRA,.NS,R.P.P. Infra Projects Limited,Listed,102.45
RSWM,.NS,RSWM Limited,Listed,153.62
RSSOFTWARE,.NS,R. S. Software (India) Limited,Listed,57.73
SANOFI,.NS,Sanofi India Limited,Listed,4242.2
RSYSTEMS,.NS,R Systems International Limited,Listed,402.95
RUSHIL,.NS,Rushil Decor Limited,Listed,23.29
SARLAPOLY,.NS,Sarla Performance Fibers Limited,Listed,85.65
SAKSOFT,.NS,Saksoft Limited,Listed,190.28
SANDESH,.NS,The Sandesh Limited,Listed,1067.5
SAREGAMA,.NS,Saregama India Limited,Listed,365.45
SOMANYCERA,.NS,Somany Ceramics Limited,Listed,419.5
SCHNEIDER,.NS,Schneider Electric Infrastructure Limited,Listed,717.4
SMSPHARMA,.NS,SMS Pharmaceuticals Limited,Listed,320.7
SMLISUZU,.NS,SML Isuzu Limited,Listed,3765.0
SANGHVIMOV,.NS,Sanghvi Movers Limited,Listed,306.15
SETFNIF50,.NS,SBI-ETF Nifty 50,Listed,278.52
SEAMECLTD,.NS,Seamec Limited,Listed,1027.2
SHAKTIPUMP,.NS,Shakti Pumps (India) Limited,Listed,650.15
SHOPERSTOP,.NS,Shoppers Stop Limited,Listed,439.0
SHIVAMAUTO,.NS,Shivam Autotech Limited,Listed,26.92
SHREECEM,.NS,Shree Cements Limited,Listed,26285.0
SHREYANIND,.NS,Shreyans Industries Limited,Listed,180.73
SIEMENS,.NS,Siemens Limited,Listed,3144.6
SIMPLEXINF,.NS,Simplex Infrastructures Limited,Listed,272.0
SIYSIL,.NS,Siyaram Silk Mills Limited,Listed,650.05
SPIC,.NS,Southern Petrochemicals Industries Corporation Limited,Listed,80.62
SMARTLINK,.NS,Smartlink Network Systems Limited,Listed,132.55
SUMMITSEC,.NS,Summit Securities Limited,Listed,1968.5
SOMATEX,.NS,Soma Textiles & Industries Limited,Listed,106.33
SPARC,.NS,Sun Pharma Advanced Research Company Limited,Listed,136.84
SOTL,.NS,Savita Oil Technologies Limited,Listed,372.75
SPENTEX,.NS,Spentex Industries Limited,Listed,280.0
SPLIL,.NS,SPL Industries Limited,Listed,36.75
SRF,.NS,SRF Limited,Listed,3023.6
TALWALKARS,.NS,Talwalkars Better Value Fitness Limited,Listed,1.45
STEL,.NS,Stel Holdings Limited,Listed,527.9
SUPREMEIND,.NS,Supreme Industries Limited,Listed,3221.1
STERTOOLS,.NS,Sterling Tools Limited,Listed,270.15
SUPREMEINF,.NS,Supreme Infrastructure India Limited,Listed,89.99
STCINDIA,.NS,The State Trading Corporation of India Limited,Listed,122.35
SUDARSCHEM,.NS,Sudarshan Chemical Industries Limited,Listed,996.5
SUNDARAM,.NS,Sundaram Multi Pap Limited,Listed,1.78
SUNFLAG,.NS,Sunflag Iron And Steel Company Limited,Listed,251.85
TCIFINANCE,.NS,TCI Finance Limited,Listed,11.33
SUNDRMFAST,.NS,Sundram Fasteners Limited,Listed,936.1
STARPAPER,.NS,Star Paper Mills Limited,Listed,160.74
SUPERHOUSE,.NS,Superhouse Limited,Listed,147.28
SUPRAJIT,.NS,Suprajit Engineering Limited,Listed,444.7
SURYALAXMI,.NS,Suryalakshmi Cotton Mills Limited,Listed,57.95
SWELECTES,.NS,Swelect Energy Systems Limited,Listed,640.4
SWARAJENG,.NS,Swaraj Engines Limited,Listed,3712.7
SUVEN,.NS,Suven Life Sciences Limited,Listed,170.79
SYMPHONY,.NS,Symphony Limited,Listed,869.35
TAKE,.NS,Take Solutions Limited,Listed,34.6
TAINWALCHM,.NS,Tainwala Chemical and Plastic (I) Limited,Listed,159.92
TATACHEM,.NS,Tata Chemicals Limited,Listed,758.85
TGBHOTELS,.NS,TGB BANQUETS AND HOTELS LIMITED,Listed,9.91
TARAPUR,.NS,Tarapur Transformers Limited,Listed,30.62
THANGAMAYL,.NS,Thangamayil Jewellery Limited,Listed,3196.6
TATAMOTORS,.NS,Tata Motors Limited,Listed,347.45
TATAINVEST,.NS,Tata Investment Corporation Limited,Listed,721.85
TATASTEEL,.NS,Tata Steel Limited,Listed,171.89
UNICHEMLAB,.NS,Unichem Laboratories Limited,Listed,455.8
TECHM,.NS,Tech Mahindra Limited,Listed,1578.4
TEXINFRA,.NS,Texmaco Infrastructure & Holdings Limited,Listed,105.9
TEXMOPIPES,.NS,Texmo Pipes and Products Limited,Listed,50.04
TEXRAIL,.NS,Texmaco Rail & Engineering Limited,Listed,125.91
TIMETECHNO,.NS,Time Technoplast Limited,Listed,186.83
TTML,.NS,Tata Teleservices (Maharashtra) Limited,Listed,49.1
TIJARIA,.NS,Tijaria Polypipes Limited,Listed,6.0
TIMKEN,.NS,Timken India Limited,Listed,3054.2
TI,.NS,Tilaknagar Industries Limited,Listed,452.2
YESBANK,.NS,Yes Bank Limited,Listed,21.92
TORNTPHARM,.NS,Torrent Pharmaceuticals Limited,Listed,3791.5
TREEHOUSE,.NS,Tree House Education & Accessories Limited,Listed,8.53
THEMISMED,.NS,Themis Medicare Limited,Listed,103.29
TITAN,.NS,Titan Company Limited,Listed,3880.2
TRIVENI,.NS,Triveni Engineering & Industries Limited,Listed,357.85
TVSELECT,.NS,TVS Electronics Limited,Listed,453.2
UNITY,.NS,Unity Infraprojects Limited,Listed,0.85
WOCKPHARMA,.NS,Wockhardt Limited,Listed,1341.2
TOKYOPLAST,.NS,Tokyo Plast International Limited,Listed,112.73
TVSSRICHAK,.NS,TVS Srichakra Limited,Listed,4277.5
UBL,.NS,United Breweries Limited,Listed,1648.2
UTTAMSUGAR,.NS,Uttam Sugar Mills Limited,Listed,253.52
TRENT,.NS,Trent Limited,Listed,4075.4
UFLEX,.NS,UFLEX Limited,Listed,471.45
UGARSUGAR,.NS,The Ugar Sugar Works Limited,Listed,44.91
ULTRACEMCO,.NS,UltraTech Cement Limited,Listed,11723.0
UFO,.NS,UFO Moviez India Limited,Listed,77.61
WINSOME,.NS,Winsome Yarns Limited,Listed,2.0
UNIENTER,.NS,Uniphos Enterprises Limited,Listed,137.25
UNIPLY,.NS,Uniply Industries Limited,Listed,4.0
VESUVIUS,.NS,Vesuvius India Limited,Listed,477.55
UNIONBANK,.NS,Union Bank of India,Listed,152.74
XCHANGING,.NS,Xchanging Solutions Limited,Listed,82.16
ZYDUSWELL,.NS,Zydus Wellness Limited,Listed,426.4
V2RETAIL,.NS,V2 Retail Limited,Listed,2229.3
VALUEIND,.NS,Value Industries Limited,Listed,3.8
VENUSREM,.NS,Venus Remedies Limited,Listed,825.4
WIPRO,.NS,Wipro Limited,Listed,260.6
VHL,.NS,Vardhman Holdings Limited,Listed,3555.9
VIPIND,.NS,VIP Industries Limited,Listed,351.55
VISASTEEL,.NS,Visa Steel Limited,Listed,48.9
VISESHINFO,.NS,Visesh Infotecnics Limited,Listed,0.33
WILLAMAGOR,.NS,Williamson Magor & Company Limited,Listed,30.13
WALCHANNAG,.NS,Walchandnagar Industries Limited,Listed,175.53
WEBELSOLAR,.NS,Websol Energy System Limited,Listed,89.96
WELINV,.NS,Welspun Investments and Commercials Limited,Listed,1433.7
VIPULLTD,.NS,Vipul Limited,Listed,10.24
WINDMACHIN,.NS,Windsor Machines Limited,Listed,277.2
WSTCSTPAPR,.NS,West Coast Paper Mills Limited,Listed,408.2
ZODIACLOTH,.NS,Zodiac Clothing Company Limited,Listed,87.84
ZICOM,.NS,Zicom Electronic Security Systems Limited,Listed,1.6
ZENSARTECH,.NS,Zensar Technologies Limited,Listed,736.1
A2ZINFRA,.NS,A2Z INFRA ENGINEERING LIMITED,Listed,14.79
ADANIENT,.NS,Adani Enterprises Limited,Listed,2282.4
ABB,.NS,ABB India Limited,Listed,5278.0
AKSHOPTFBR,.NS,Aksh Optifibre Limited,Listed,6.5
AJMERA,.NS,Ajmera Realty & Infra India Limited,Listed,993.3
ACCELYA,.NS,Accelya Kale Solutions Limited,Listed,1309.8
ADSL,.NS,Allied Digital Services Limited,Listed,157.29
20MICRONS,.NS,20 Microns Limited,Listed,190.5
AARTIDRUGS,.NS,Aarti Drugs Limited,Listed,394.7
3MINDIA,.NS,3M India Limited,Listed,35465.0
AARTIIND,.NS,Aarti Industries Limited,Listed,356.95
ARCHIDPLY,.NS,Archidply Industries Limited,Listed,92.54
ACE,.NS,Action Construction Equipment Limited,Listed,933.75
ALKEM,.NS,Alkem Laboratories Limited,Listed,5631.0
ARVIND,.NS,Arvind Limited,Listed,318.15
ADVANIHOTR,.NS,Advani Hotels & Resorts (India) Limited,Listed,57.94
ARIES,.NS,Aries Agro Limited,Listed,322.75
AHLWEST,.NS,Asian Hotels (West) Limited,Listed,144.15
AMBUJACEM,.NS,Ambuja Cements Limited,Listed,548.15
AMDIND,.NS,AMD Industries Limited,Listed,50.33
AGARIND,.NS,Agarwal Industrial Corporation Limited,Listed,685.45
ALCHEM,.NS,Alchemist Limited,Listed,3.15
ALKYLAMINE,.NS,Alkyl Amines Chemicals Limited,Listed,1596.2
AMRUTANJAN,.NS,Amrutanjan Health Care Limited,Listed,687.45
ASHAPURMIN,.NS,Ashapura Minechem Limited,Listed,745.45
BHARATIDIL,.NS,Bharati Defence and Infrastructure Limited,Listed,1.95
ASAHISONG,.NS,Asahi Songwon Colors Limited,Listed,250.8
APOLLOTYRE,.NS,Apollo Tyres Limited,Listed,510.0
APARINDS,.NS,Apar Industries Limited,Listed,9023.5
APCOTEXIND,.NS,Apcotex Industries Limited,Listed,371.6
ASAHIINDIA,.NS,Asahi India Glass Limited,Listed,996.2
ASHIANA,.NS,Ashiana Housing Limited,Listed,291.95
ASHOKA,.NS,Ashoka Buildcon Limited,Listed,165.45
ASIANTILES,.NS,Asian Granito India Limited,Listed,63.54
ASTRAL,.NS,Astral Poly Technik Limited,Listed,1416.4
ASTEC,.NS,Astec LifeSciences Limited,Listed,703.9
BIRLACORPN,.NS,Birla Corporation Limited,Listed,1070.4
ASTRAMICRO,.NS,Astra Microwave Products Limited,Listed,907.05
ASTRAZEN,.NS,AstraZeneca Pharma India Limited,Listed,9155.0
APOLLOHOSP,.NS,Apollo Hospitals Enterprise Limited,Listed,7101.0
ATULAUTO,.NS,Atul Auto Limited,Listed,441.7
AURIONPRO,.NS,Aurionpro Solutions Limited,Listed,1151.5
AUROPHARMA,.NS,Aurobindo Pharma Limited,Listed,1195.1
AUTOIND,.NS,Autoline Industries Limited,Listed,74.18
AXISBANK,.NS,Axis Bank Limited,Listed,1286.1
ASHOKLEY,.NS,Ashok Leyland Limited,Listed,163.86
BAJFINANCE,.NS,Bajaj Finance Limited,Listed,1017.3
BALAMINES,.NS,Balaji Amines Limited,Listed,1120.6
BRFL,.NS,Bombay Rayon Fashions Limited,Listed,2.0
BALLARPUR,.NS,Ballarpur Industries Limited,Listed,257.58
BANSWRAS,.NS,Banswara Syntex Limited,Listed,114.17
DHANBANK,.NS,Dhanlaxmi Bank Limited,Listed,25.28
BANKBEES,.NS,Goldman Sachs Banking Index Exchange Traded Scheme,Listed,613.14
BHARATGEAR,.NS,Bharat Gears Limited,Listed,104.36
BANKBARODA,.NS,Bank of Baroda,Listed,284.45
DLF,.NS,DLF Limited,Listed,699.4
BEDMUTHA,.NS,Bedmutha Industries Limited,Listed,101.59
BERGEPAINT,.NS,Berger Paints (I) Limited,Listed,541.25
CANFINHOME,.NS,Can Fin Homes Limited,Listed,915.4
BEML,.NS,BEML Limited,Listed,1690.4
BPCL,.NS,Bharat Petroleum Corporation Limited,Listed,365.05
BRITANNIA,.NS,Britannia Industries Limited,Listed,5915.5
BIL,.NS,Bhartiya International Limited,Listed,759.25
BLISSGVS,.NS,Bliss GVS Pharma Limited,Listed,144.37
BLBLIMITED,.NS,BLB Limited,Listed,14.95
CERA,.NS,Cera Sanitaryware Limited,Listed,5258.5
BPL,.NS,BPL Limited,Listed,57.04
BSLGOLDETF,.NS,Birla Sun Life Mutual Fund - Birla Sun Life Gold ETF - Growth,Listed,116.13
BRIGADE,.NS,Brigade Enterprises Limited,Listed,886.05
BYKE,.NS,The Byke Hospitality Ltd,Listed,52.21
CARBORUNIV,.NS,Carborundum Universal Limited,Listed,874.6
DEEPAKFERT,.NS,Deepak Fertilizers and Petrochemicals Corporation Limited,Listed,1236.3
BLUEDART,.NS,Blue Dart Express Limited,Listed,5393.5
CEREBRAINT,.NS,Cerebra Integrated Technologies Limited,Listed,6.73
CANBK,.NS,Canara Bank,Listed,146.63
CARERATING,.NS,Credit Analysis And Research Limited,Listed,1541.0
DEN,.NS,Den Networks Limited,Listed,30.61
CCL,.NS,CCL Products (India) Limited,Listed,1025.3
EVERESTIND,.NS,Everest Industries Limited,Listed,515.05
CENTUM,.NS,Centum Electronics Limited,Listed,2302.8
CHAMBLFERT,.NS,Chambal Fertilizers & Chemicals Limited,Listed,433.5
CHENNPETRO,.NS,Chennai Petroleum Corporation Limited,Listed,927.4
CINELINE,.NS,Cineline India Limited,Listed,84.88
CHOLAFIN,.NS,Cholamandalam Investment and Finance Company Limited,Listed,1735.6
CONCOR,.NS,Container Corporation of India Limited,Listed,505.5
DALMIASUG,.NS,Dalmia Bharat Sugar and Industries Limited,Listed,297.65
COMPUSOFT,.NS,Compucom Software Limited,Listed,16.57
CONSOFINVT,.NS,Consolidated Finvest & Holdings Limited,Listed,166.57
CORDSCABLE,.NS,Cords Cable Industries Limited,Listed,185.69
DBSTOCKBRO,.NS,DB (International) Stock Brokers Limited,Listed,25.37
COUNCODOS,.NS,Country Condo's Limited,Listed,5.91
DRREDDY,.NS,Dr. Reddy's Laboratories Limited,Listed,1279.3
CPSEETF,.NS,Goldman Sachs Mutual Fund - CPSE ETF - Growth Option,Listed,89.58
CTE,.NS,Cambridge Technology Enterprises Limited,Listed,42.93
CUB,.NS,City Union Bank Limited,Listed,273.35
DHARSUGAR,.NS,Dharani Sugars & Chemicals Limited,Listed,8.55
DBCORP,.NS,D.B.Corp Limited,Listed,242.1
DEEPAKNTR,.NS,Deepak Nitrite Limited,Listed,1528.6
DCM,.NS,DCM Limited,Listed,92.27
DSKULKARNI,.NS,DS Kulkarni Developers Limited,Listed,13.55
DECCANCE,.NS,Deccan Cements Limited,Listed,756.4
DHANUKA,.NS,Dhanuka Agritech Limited,Listed,1204.9
DELTAMAGNT,.NS,Delta Magnets Limited,Listed,71.84
EASTSILK,.NS,Eastern Silk Industries Limited,Listed,91.51
DELTACORP,.NS,Delta Corp Limited,Listed,70.29
DONEAR,.NS,Donear Industries Limited,Listed,98.96
FDC,.NS,FDC Limited,Listed,418.9
DTIL,.NS,Dhunseri Tea & Industries Limited,Listed,161.93
EMMBI,.NS,Emmbi Industries Limited,Listed,96.02
DYNAMATECH,.NS,Dynamatic Technologies Limited,Listed,9257.0
DWARKESH,.NS,Dwarikesh Sugar Industries Limited,Listed,39.95
EDELWEISS,.NS,Edelweiss Financial Services Limited,Listed,103.42
ECLERX,.NS,eClerx Services Limited,Listed,4492.5
GREAVESCOT,.NS,Greaves Cotton Limited,Listed,181.96
EIHAHOTELS,.NS,EIH Associated Hotels Limited,Listed,358.25
ELECON,.NS,Elecon Engineering Company Limited,Listed,482.85
GABRIEL,.NS,Gabriel India Limited,Listed,967.5
ELGIEQUIP,.NS,Elgi Equipments Limited,Listed,487.9
FSL,.NS,Firstsource Solutions Limited,Listed,340.7
ELECTHERM,.NS,Electrotherm (India) Limited,Listed,847.0
EMKAY,.NS,Emkay Global Financial Services Limited,Listed,265.3
GIPCL,.NS,Gujarat Industries Power Company Limited,Listed,147.73
ESABINDIA,.NS,Esab India Limited,Listed,6194.0
ESCORTS,.NS,Escorts Limited,Listed,3659.7
FILATEX,.NS,Filatex India Limited,Listed,52.97
EROSMEDIA,.NS,Eros International Media Limited,Listed,7.81
EUROCERA,.NS,Euro Ceramics Limited,Listed,1.05
FACT,.NS,Fertilizers and Chemicals Travancore Limited,Listed,827.1
FEDERALBNK,.NS,The Federal Bank Limited,Listed,261.35
FIEMIND,.NS,Fiem Industries Limited,Listed,2297.5
GANECOS,.NS,Ganesha Ecosphere Limited,Listed,874.0
FINCABLES,.NS,Finolex Cables Limited,Listed,740.15
FCSSOFT,.NS,FCS Software Solutions Limited,Listed,1.94
FMGOETZE,.NS,Federal-Mogul Goetze (India) Limited.,Listed,464.0
FMNL,.NS,Future Market Networks Limited,Listed,9.1
GALLANTT,.NS,Gallantt Metal Limited,Listed,592.15
GAEL,.NS,Gujarat Ambuja Exports Limited,Listed,117.52
GMDCLTD,.NS,Gujarat Mineral Development Corporation Limited,Listed,519.9
GAYAPROJ,.NS,Gayatri Projects Limited,Listed,11.53
GEECEE,.NS,GeeCee Ventures Limited,Listed,340.5
GOCLCORP,.NS,GOCL Corporation Limited,Listed,302.5
GENUSPAPER,.NS,Genus Paper & Boards Limited,Listed,13.57
GOKEX,.NS,Gokaldas Exports Limited,Listed,848.9
GICHSGFIN,.NS,GIC Housing Finance Limited,Listed,161.91
GOLDENTOBC,.NS,Golden Tobacco Limited,Listed,32.41
HPL,.NS,HPL Electric & Power Limited,Listed,392.2
GESHIP,.NS,The Great Eastern Shipping Company Limited,Listed,1109.4
GILLETTE,.NS,Gillette India Limited,Listed,8140.5
GLAXO,.NS,GlaxoSmithKline Pharmaceuticals Limited,Listed,2600.8
GOLDSHARE,.NS,UTI Mutual Fund - UTI Gold Exchange Traded Fund,Listed,111.15
GINNIFILA,.NS,Ginni Filaments Limited,Listed,38.94
GLOBALVECT,.NS,Global Vectra Helicorp Limited,Listed,198.53
GKWLIMITED,.NS,GKW Limited,Listed,1704.2
JAYSREETEA,.NS,Jayshree Tea & Industries Limited,Listed,88.0
GLOBUSSPR,.NS,Globus Spirits Limited,Listed,963.0
HESTERBIO,.NS,Hester Biosciences Limited,Listed,1605.1
HNGSNGBEES,.NS,Goldman Sachs Hang Seng Exchange Traded Scheme,Listed,510.5
GITANJALI,.NS,Gitanjali Gems Limited,Listed,1.05
GMBREW,.NS,GM Breweries Limited,Listed,1000.2
GREENLAM,.NS,Greenlam Industries Limited,Listed,251.95
GOLDIAM,.NS,Goldiam International Limited,Listed,371.45
HDFCMFGETF,.NS,HDFC Mutual Fund-HDFC Gold Exchange Traded Fund,Listed,68.56
GNFC,.NS,Gujarat Narmada Valley Fertilizers and Chemicals Limited,Listed,490.85
GRAPHITE,.NS,Graphite India Limited,Listed,541.45
HERCULES,.NS,Hercules Hoists Limited,Listed,158.19
GRASIM,.NS,Grasim Industries Limited,Listed,2836.7
GRANULES,.NS,Granules India Limited,Listed,574.5
GREENPOWER,.NS,Orient Green Power Company Limited,Listed,11.83
HARRMALAYA,.NS,Harrisons Malayalam Limited,Listed,161.66
INDTERRAIN,.NS,Indian Terrain Fashions Limited,Listed,35.13
GTLINFRA,.NS,GTL Infrastructure Limited,Listed,1.27
GULFPETRO,.NS,GP Petroleums Limited,Listed,35.19
HDFCBANK,.NS,HDFC Bank Limited,Listed,1001.5
HEROMOTOCO,.NS,Hero MotoCorp Limited,Listed,5960.0
HERITGFOOD,.NS,Heritage Foods Limited,Listed,472.45
HGS,.NS,Hinduja Global Solutions Limited,Listed,447.75
HIMATSEIDE,.NS,Himatsingka Seide Limited,Listed,116.75
HINDALCO,.NS,Hindalco Industries Limited,Listed,852.1
IBREALEST,.NS,Indiabulls Real Estate Limited,Listed,72.6
HINDCOPPER,.NS,Hindustan Copper Limited,Listed,382.3
HINDOILEXP,.NS,Hindustan Oil Exploration Company Limited,Listed,152.3
HINDPETRO,.NS,Hindustan Petroleum Corporation Limited,Listed,459.9
HINDZINC,.NS,Hindustan Zinc Limited,Listed,561.65
HMVL,.NS,Hindustan Media Ventures Limited,Listed,66.23
IDEA,.NS,Idea Cellular Limited,Listed,11.64
KAUSHALYA,.NS,Kaushalya Infrastructure Development Corporation Limited,Listed,905.15
HIRECT,.NS,Hind Rectifiers Limited,Listed,1484.1
IFBAGRO,.NS,IFB Agro Industries Limited,Listed,1256.2
HONDAPOWER,.NS,Honda Siel Power Products Limited,Listed,2349.9
INDRAMEDCO,.NS,Indraprastha Medical Corporation Limited,Listed,470.85
ICRA,.NS,ICRA Limited,Listed,6104.0
IFCI,.NS,IFCI Limited,Listed,48.7
INDSWFTLAB,.NS,Ind-Swift Laboratories Limited,Listed,97.91
ICIL,.NS,Indo Count Industries Limited,Listed,286.95
JISLJALEQS,.NS,Jain Irrigation Systems Limited,Listed,40.95
IGPL,.NS,IG Petrochemicals Limited,Listed,406.15
IIFL,.NS,IIFL Holdings Limited,Listed,581.0
IITL,.NS,Industrial Investment Trust Limited,Listed,171.42
IMPAL,.NS,India Motor Parts and Accessories Limited,Listed,1035.7
INDBANK,.NS,Indbank Merchant Banking Services Limited,Listed,35.07
IMPEXFERRO,.NS,Impex Ferro Tech Limited,Listed,1.81
INDIANB,.NS,Indian Bank,Listed,789.35
IOB,.NS,Indian Overseas Bank,Listed,37.03
JBMA,.NS,JBM Auto Limited,Listed,570.85
INDIANHUME,.NS,Indian Hume Pipe Company Limited,Listed,412.45
INDORAMA,.NS,Indo Rama Synthetics (India) Limited,Listed,47.39
JINDRILL,.NS,Jindal Drilling And Industries Limited,Listed,505.7
KCP,.NS,KCP Limited,Listed,180.68
INDOTECH,.NS,Indo Tech Transformers Limited,Listed,1598.3
INDOCO,.NS,Indoco Remedies Limited,Listed,242.55
ISFT,.NS,Intrasoft Technologies Limited,Listed,99.77
INFOMEDIA,.NS,INFOMEDIA PRESS LIMITED,Listed,6.58
JAIBALAJI,.NS,Jai Balaji Industries Limited,Listed,60.48
INGERRAND,.NS,Ingersoll Rand (India) Limited,Listed,3572.8
INFY,.NS,Infosys Limited,Listed,1598.2
JAYAGROGN,.NS,Jayant Agro Organics Limited,Listed,204.27
IPCALAB,.NS,IPCA Laboratories Limited,Listed,1465.9
INSECTICID,.NS,Insecticides (India) Limited,Listed,700.75
JETAIRWAYS,.NS,Jet Airways (India) Limited,Listed,34.16
IVC,.NS,IL&FS Investment Managers Limited,Listed,8.1
ITI,.NS,ITI Limited,Listed,305.1
IVRCLINFRA,.NS,IVRCL Limited,Listed,0.4
JAGSNPHARM,.NS,Jagsonpal Pharmaceuticals Limited,Listed,202.45
JUSTDIAL,.NS,Just Dial Limited,Listed,711.25
JAGRAN,.NS,Jagran Prakashan Limited,Listed,70.11
JAICORPLTD,.NS,Jai Corp Limited,Listed,130.15
IZMO,.NS,IZMO Limited,Listed,852.55
JINDALSTEL,.NS,Jindal Steel & Power Limited,Listed,1029.5
JINDALPOLY,.NS,Jindal Poly Films Limited,Listed,494.55
JINDALPHOT,.NS,Jindal Photo Limited,Listed,1527.3
JINDWORLD,.NS,Jindal Worldwide Limited,Listed,30.17
JKIL,.NS,J.Kumar Infraprojects Limited,Listed,564.3
JKTYRE,.NS,JK Tyre & Industries Limited,Listed,455.0
JKCEMENT,.NS,JK Cement Limited,Listed,5724.5
JMA,.NS,Jullundur Motor Agency (Delhi) Limited,Listed,79.05
KKCL,.NS,Kewal Kiran Clothing Limited,Listed,490.3
LOVABLE,.NS,Lovable Lingerie Limited,Listed,82.62
JOCIL,.NS,Jocil Limited,Listed,144.82
JPASSOCIAT,.NS,Jaiprakash Associates Limited,Listed,4.2
JCHAC,.NS,Johnson Controls Hitachi Air Conditioning India Limited,Listed,1427.4
LGBBROSLTD,.NS,LG Balakrishnan & Bros Limited,Listed,1894.4
JPOLYINVST,.NS,Jindal Poly Investment and Finance Company Limited,Listed,1095.0
JSL,.NS,Jindal Stainless Limited,Listed,785.65
JSWHL,.NS,JSW Holdings Limited,Listed,22165.0
JSWSTEEL,.NS,JSW Steel Limited,Listed,1125.5
KECL,.NS,Kirloskar Electric Company Limited,Listed,101.74
JHS,.NS,JHS Svendgaard Laboratories Limited,Listed,10.14
JUBLFOOD,.NS,Jubilant Foodworks Limited,Listed,583.55
JYOTISTRUC,.NS,Jyoti Structures Limited,Listed,10.81
KIRLOSBROS,.NS,Kirloskar Brothers Limited,Listed,1641.8
KAKATCEM,.NS,Kakatiya Cement Sugar & Industries Limited,Listed,133.8
KABRAEXTRU,.NS,Kabra Extrusion Technik Limited,Listed,220.58
MANINFRA,.NS,Man Infraconstruction Limited,Listed,131.1
JYOTHYLAB,.NS,Jyothy Laboratories Limited,Listed,283.25
KANORICHEM,.NS,Kanoria Chemicals & Industries Limited,Listed,76.35
KMSUGAR,.NS,K.M.Sugar Mills Limited,Listed,26.99
KANSAINER,.NS,Kansai Nerolac Paints Limited,Listed,223.5
KOHINOOR,.NS,Kohinoor Foods Limited,Listed,27.13
KANANIIND,.NS,Kanani Industries Limited,Listed,1.69
KOKUYOCMLN,.NS,Kokuyo Camlin Limited,Listed,90.06
KARURVYSYA,.NS,Karur Vysya Bank Limited,Listed,245.36
KCPSUGIND,.NS,KCP Sugar and Industries Corporation Limited,Listed,26.91
KGL,.NS,Karuturi Global Limited,Listed,0.2
LYKALABS,.NS,Lyka Labs Limited,Listed,77.69
KICL,.NS,Kalyani Investment Company Limited,Listed,5014.0
KIRLOSENG,.NS,Kirloskar Oil Engines Limited,Listed,1144.6
KOLTEPATIL,.NS,Kolte - Patil Developers Limited,Listed,384.25
LAOPALA,.NS,La Opala RG Limited,Listed,205.39
KOTAKBANK,.NS,Kotak Mahindra Bank Limited,Listed,2176.6
LICHSGFIN,.NS,LIC Housing Finance Limited,Listed,532.4
KOTHARIPET,.NS,Kothari Petrochemicals Limited,Listed,126.11
NIBL,.NS,NRB Industrial Bearings Limited,Listed,30.5
OILCOUNTUB,.NS,Oil Country Tubular Limited,Listed,65.71
KRBL,.NS,KRBL Limited,Listed,390.05
LINDEINDIA,.NS,Linde India Limited,Listed,6008.5
KTKBANK,.NS,The Karnataka Bank Limited,Listed,202.2
KSERASERA,.NS,KSS Limited,Listed,0.15
LAKPRE,.NS,Lakshmi Precision Screws Limited,Listed,5.03
LAMBODHARA,.NS,Lambodhara Textiles Limited,Listed,124.34
KOTARISUG,.NS,Kothari Sugars And Chemicals Limited,Listed,28.28
MANAPPURAM,.NS,Manappuram Finance Limited,Listed,287.6
LCCINFOTEC,.NS,LCC Infotech Limited,Listed,4.31
MUNJALAU,.NS,Munjal Auto Industries Limited,Listed,79.24
MADHAV,.NS,Madhav Marbles and Granites Limited,Listed,41.25
MRPL,.NS,Mangalore Refinery and Petrochemicals Limited,Listed,148.95
MAHABANK,.NS,Bank of Maharashtra,Listed,57.03
LPDC,.NS,Landmark Property Development Company Limited,Listed,7.13
LAKSHMIEFL,.NS,Lakshmi Energy and Foods Limited,Listed,2.5
MAHSCOOTER,.NS,Maharashtra Scooters Limited,Listed,14172.0
MADRASFERT,.NS,Madras Fertilizers Limited,Listed,72.85
MIRZAINT,.NS,Mirza International Limited,Listed,40.47
MAHLIFE,.NS,Mahindra Lifespace Developers Limited,Listed,401.35
MALUPAPER,.NS,Malu Paper Mills Limited,Listed,36.46
MANAKCOAT,.NS,Manaksia Coated Metals & Industries Limited,Listed,135.63
MANGLMCEM,.NS,Mangalam Cement Limited,Listed,755.75
NAHARCAP,.NS,Nahar Capital and Financial Services Limited,Listed,261.9
MARALOVER,.NS,Maral Overseas Limited,Listed,45.79
MANUGRAPH,.NS,Manugraph India Limited,Listed,16.05
MRF,.NS,MRF Limited,Listed,152550.0
MAYURUNIQ,.NS,Mayur Uniquoters Ltd,Listed,487.25
MIRCELECTR,.NS,MIRC Electronics Limited,Listed,24.88
MCDHOLDING,.NS,McDowell Holdings Limited,Listed,68.75
MOHITIND,.NS,Mohit Industries Limited,Listed,28.43
MCX,.NS,Multi Commodity Exchange of India Limited,Listed,10162.0
MCLEODRUSS,.NS,Mcleod Russel India Limited,Listed,48.67
MEP,.NS,MEP Infrastructure Developers Limited,Listed,2.11
MOTILALOFS,.NS,Motilal Oswal Financial Services Limited,Listed,864.55
NAKODA,.NS,Nakoda Limited,Listed,0.1
NI15,.NS,National Stock Exchange of India (NSE) Stock Index - NI15,Listed,12419.25
RAINBOWPAP,.NS,Rainbow Papers Limited,Listed,0.15
ADANIPORTS,.NS,Adani Ports and Special Economic Zone Limited,Listed,1522.8
ADANIPOWER,.NS,Adani Power Limited,Listed,144.49
COFFEEDAY,.NS,Coffee Day Enterprises Limited,Listed,32.58
BBTC,.NS,Bombay Burmah Trading Corporation Limited,Listed,1869.5
GOACARBON,.NS,Goa Carbon Limited,Listed,390.3
KITEX,.NS,Kitex Garments Limited,Listed,194.79
NKIND,.NS,NK Industries Limited,Listed,65.78
BEARDSELL,.NS,Beardsell Limited,Listed,30.45
HEXATRADEX,.NS,Hexa Tradex Limited,Listed,166.73
DAMODARIND,.NS,Damodar Industries Limited,Listed,31.49
LUMAXTECH,.NS,Lumax Auto Technologies Limited,Listed,1481.3
WELENT,.NS,Welspun Enterprises Limited,Listed,514.35
JAINSTUDIO,.NS,Jain Studios Limited,Listed,2.4
CURATECH,.NS,Cura Technologies Limited,Listed,123.69
EIMCOELECO,.NS,Eimco Elecon (India) Limited,Listed,1531.7
DSSL,.NS,Dynacons Systems & Solutions Limited,Listed,978.8
EUROMULTI,.NS,Euro Multivision Limited,Listed,1.45
GOENKA,.NS,Goenka Diamond and Jewels Limited,Listed,0.81
LFIC,.NS,Lakshmi Finance & Industrial Corporation Limited,Listed,180.55
NORBTEAEXP,.NS,Norben Tea & Exports Limited,Listed,73.5
MOTOGENFIN,.NS,The Motor & General Finance Limited,Listed,23.81
QUINTEGRA,.NS,Quintegra Solutions Limited,Listed,1.49
RADAAN,.NS,Radaan Mediaworks India Limited,Listed,3.53
RUCHINFRA,.NS,Ruchi Infrastructure Limited,Listed,6.8
TNTELE,.NS,Tamilnadu Telecommunication Limited,Listed,10.01
SIL,.NS,Standard Industries Limited,Listed,16.03
VISUINTL,.NS,Visu International Limited,Listed,0.05
AIFL,.NS,Ashapura Intimates Fashion Limited,Listed,1.55
IVZINGOLD,.NS,Invesco India Gold Exchange Traded Fund,Listed,11575.4
KELLTONTEC,.NS,Kellton Tech Solutions Limited,Listed,18.15
LICNETFN50,.NS,LICNAMC - LICNFENGP,Listed,289.13
LTTS,.NS,L&T Technology Services Limited,Listed,4676.0
SOMICONVEY,.NS,Somi Conveyor Beltings Limited,Listed,132.29
PILANIINVS,.NS,Pilani Investment and Industries Corporation Limited,Listed,5229.0
KERNEX,.NS,Kernex Microsystems (India) Limited,Listed,1026.4
BHARATWIRE,.NS,Bharat Wire Ropes Limited,Listed,178.11
GUJGASLTD,.NS,Gujarat Gas Limited,Listed,395.65
NECCLTD,.NS,North Eastern Carrying Corporation Limited,Listed,19.1
PNCINFRA,.NS,PNC Infratech Limited,Listed,254.18
PRATIBHA,.NS,Pratibha Industries Limited,Listed,0.95
TANLA,.NS,Tanla Solutions Limited,Listed,555.0
TTKHLTCARE,.NS,TTK Healthcare Limited,Listed,1060.0
NIFTY50_SHARIAH,.NS,National Stock Exchange of India (NSE) Stock Index - Nifty50 Shariah,Listed,4782.6
ANTGRAPHIC,.NS,Antarctica Limited,Listed,0.94
GLFL,.NS,Gujarat Lease Financing Limited,Listed,6.28
HMT,.NS,HMT Limited,Listed,48.37
UMESLTD,.NS,Usha Martin Education & Solutions Limited,Listed,5.05
KHAITANLTD,.NS,Khaitan (India) Limited,Listed,98.36
KALYANIFRG,.NS,Kalyani Forge Limited,Listed,661.3
REGENCERAM,.NS,Regency Ceramics Limited,Listed,45.94
TECHIN,.NS,TECHINDIA NIRMAN LIMITED,Listed,14.0
ERAINFRA,.NS,Era Infra Engineering Limited,Listed,1.5
RAJVIR,.NS,Rajvir Industries Limited,Listed,8.85
NH,.NS,Narayana Hrudayalaya Ltd.,Listed,1870.2
ZENITHEXPO,.NS,Zenith Exports Limited,Listed,245.0
NAGREEKEXP,.NS,Nagreeka Exports Limited,Listed,26.9
EXCEL,.NS,Excel Realty N Infra Limited,Listed,1.14
SDBL,.NS,Som Distilleries & Breweries Limited,Listed,107.7
VINYLINDIA,.NS,Vinyl Chemicals (India) Limited,Listed,239.43
WSI,.NS,W S Industries (I) Limited,Listed,83.67
ANKITMETAL,.NS,Ankit Metal & Power Limited,Listed,1.72
AYMSYNTEX,.NS,AYM Syntex Limited,Listed,161.31
COMPINFO,.NS,Compuage Infocom Limited,Listed,1.7
LICNETFSEN,.NS,LICNAMC - LICNFESGP,Listed,953.0
ICICIBANK,.NS,ICICI Bank Limited,Listed,1366.0
PRAJIND,.NS,Praj Industries Limited,Listed,303.7
ICICIPRULI,.NS,ICICI Prudential Life Insurance Company Limited,Listed,647.55
TPLPLASTEH,.NS,TPL Plastech Limited,Listed,66.67
ACC,.NS,ACC Limited,Listed,1771.7
ARMANFIN,.NS,Arman Financial Services Limited,Listed,1482.6
ATUL,.NS,Atul Limited,Listed,5928.0
CAMLINFINE,.NS,Camlin Fine Sciences Limited,Listed,163.84
CIGNITITEC,.NS,Cigniti Technologies Limited,Listed,1803.2
CANTABIL,.NS,Cantabil Retail India Limited,Listed,259.62
PDMJEPAPER,.NS,Pudumjee Paper Products Limited,Listed,98.5
PRECAM,.NS,Precision Camshafts Limited,Listed,155.74
FEL,.NS,FUTURE ENTERPRISES LIMITED,Listed,0.48
GOKULAGRO,.NS,Gokul Agro Resources Limited,Listed,195.0
HATSUN,.NS,Hatsun Agro Product Limited,Listed,1019.4
HDFCSENETF,.NS,HDFCAMC - HDFCSENETF,Listed,70.04
HSCL,.NS,Himadri Speciality Chemical Limited,Listed,465.55
INFRABEES,.NS,Goldman Sachs Infrastructure Exchange Traded Scheme,Listed,984.84
INVENTURE,.NS,Inventure Growth & Securities Limited,Listed,1.2
KESORAMIND,.NS,Kesoram Industries Limited,Listed,8.19
KNRCON,.NS,KNR Constructions Limited,Listed,145.7
LINCOLN,.NS,Lincoln Pharmaceuticals Limited,Listed,472.85
MARATHON,.NS,Marathon Nextgen Realty Limited,Listed,550.4
MINDTECK,.NS,Mindteck (India) Limited,Listed,197.21
MANAKALUCO,.NS,Manaksia Aluminium Company Limited,Listed,24.29
NCLIND,.NS,NCL Industries Limited,Listed,198.32
NESTLEIND,.NS,Nestle India Limited,Listed,1238.3
NIFTYBEES,.NS,Goldman Sachs Nifty Exchange Traded Scheme,Listed,294.69
POKARNA,.NS,Pokarna Limited,Listed,865.55
POWERMECH,.NS,Power Mech Projects Limited,Listed,2234.8
REDINGTON,.NS,Redington (India) Limited,Listed,280.65
SALZERELEC,.NS,Salzer Electronics Limited,Listed,697.75
SAKHTISUG,.NS,Sakthi Sugars Limited,Listed,19.36
SHAHALLOYS,.NS,Shah Alloys Limited,Listed,69.33
SETF10GILT,.NS,SBIAMC - SETF10GILT,Listed,258.61
SPAL,.NS,S. P. Apparels Limited,Listed,726.75
SITINET,.NS,Siti Networks Limited,Listed,0.38
SUNPHARMA,.NS,Sun Pharmaceuticals Industries Limited,Listed,1793.5
SUMEETINDS,.NS,Sumeet Industries Limited,Listed,31.74
SUNDRMBRAK,.NS,Sundaram Brake Linings Limited,Listed,674.1
TALBROAUTO,.NS,Talbros Automotive Components Limited,Listed,280.75
SUNTECK,.NS,Sunteck Realty Limited,Listed,400.75
THERMAX,.NS,Thermax Limited,Listed,2870.4
SURANASOL,.NS,SURANA SOLAR LIMITED,Listed,27.5
SUTLEJTEX,.NS,Sutlej Textiles and Industries Limited,Listed,32.32
TATACOMM,.NS,Tata Communications Limited,Listed,1799.1
VALECHAENG,.NS,Valecha Engineering Limited,Listed,960.0
VIKASECO,.NS,Vikas EcoTech Limited,Listed,1.6
VINATIORGA,.NS,Vinati Organics Limited,Listed,1592.6
AGRITECH,.NS,Agri-Tech (India) Limited,Listed,129.53
ICSA,.NS,ICSA (India) Limited,Listed,0.2
CALSOFT,.NS,California Software Company Limited,Listed,15.94
CREATIVEYE,.NS,Creative Eye Limited,Listed,7.02
CYBERMEDIA,.NS,Cyber Media (India) Limited,Listed,16.57
FELDVR,.NS,Future Enterprises Limited,Listed,3.1
MGL,.NS,Mahanagar Gas Limited,Listed,1123.2
VEDL,.NS,Vedanta Limited,Listed,543.6
RAMASTEEL,.NS,Rama Steel Tubes Limited,Listed,10.66
SSWL,.NS,Steel Strips Wheels Limited,Listed,188.57
ITC,.NS,ITC Limited,Listed,400.1
INDIGO,.NS,InterGlobe Aviation Limited,Listed,4860.5
MANAKSTEEL,.NS,Manaksia Steels Limited,Listed,57.55
ARCHIES,.NS,Archies Limited,Listed,18.33
DCW,.NS,DCW Limited,Listed,60.41
IFBIND,.NS,IFB Industries Limited,Listed,1609.6
SEQUENT,.NS,Sequent Scientific Limited,Listed,209.68
EON,.NS,Eon Electric Limited,Listed,6.4
GOODLUCK,.NS,Goodluck India Limited,Listed,1096.2
GTL,.NS,GTL Limited,Listed,8.2
GULFOILLUB,.NS,Gulf Oil Lubricants India Limited,Listed,1159.2
NAVNETEDUL,.NS,Navneet Education Limited,Listed,141.02
VISHNU,.NS,Vishnu Chemicals Limited,Listed,496.65
ALBERTDAVD,.NS,Albert David Limited,Listed,770.3
ABFRL,.NS,Aditya Birla Fashion and Retail Limited,Listed,77.67
ADVENZYMES,.NS,Advanced Enzyme Technologies Limited,Listed,309.95
BAJAJHLDNG,.NS,Bajaj Holdings & Investment Limited,Listed,10900.0
BROOKS,.NS,Brooks Laboratories Limited,Listed,98.04
EXCELINDUS,.NS,Excel Industries Limited,Listed,929.0
INOXWIND,.NS,Inox Wind Limited,Listed,124.61
TRIGYN,.NS,Trigyn Technologies Limited,Listed,69.73
KRIDHANINF,.NS,Kridhan Infra Limited,Listed,3.97
SANGHIIND,.NS,Sanghi Industries Limited,Listed,63.19
PALREDTEC,.NS,Palred Technologies Limited,Listed,39.3
NIFTY_SHARIAH_25,.NS,National Stock Exchange of India (NSE) Stock Index - Nifty Shariah 25,Listed,8440.6
ATLASCYCLE,.NS,Atlas Cycles (Haryana) Limited,Listed,92.75
BILENERGY,.NS,Bil Energy Systems Limited,Listed,0.6
BURNPUR,.NS,Burnpur Cement Limited,Listed,33.0
CGCL,.NS,Capri Global Capital Limited,Listed,184.13
ENGINERSIN,.NS,Engineers India Limited,Listed,192.77
MAITHANALL,.NS,Maithan Alloys Limited,Listed,948.85
MBLINFRA,.NS,MBL Infrastructures Limited,Listed,33.78
OPTOCIRCUI,.NS,Opto Circuits (India) Limited,Listed,1.8
PKTEA,.NS,The Peria Karamalai Tea & Produce Company Limited,Listed,765.45
ORIENTCEM,.NS,Orient Cement Limited,Listed,165.55
PLASTIBLEN,.NS,Plastiblends India Limited,Listed,163.26
PVP,.NS,PVP Ventures Limited,Listed,34.09
SAKUMA,.NS,Sakuma Exports Limited,Listed,2.2
VADILALIND,.NS,Vadilal Industries Limited,Listed,5127.5
VIMTALABS,.NS,Vimta Labs Limited,Listed,601.1
VOLTAS,.NS,Voltas Limited,Listed,1377.2
VRLLOG,.NS,VRL Logistics Limited,Listed,269.25
VMART,.NS,V-Mart Retail Limited,Listed,760.9
MANAKSIA,.NS,Manaksia Limited,Listed,61.78
MARKSANS,.NS,Marksans Pharma Limited,Listed,193.86
MELSTAR,.NS,Melstar Information Technologies Limited,Listed,4.25
MHRIL,.NS,Mahindra Holidays & Resorts India Limited,Listed,314.25
MOIL,.NS,MOIL Limited,Listed,328.7
MONTECARLO,.NS,Monte Carlo Fashions Limited,Listed,708.65
MPHASIS,.NS,MphasiS Limited,Listed,2912.7
SNOWMAN,.NS,Snowman Logistics Limited,Listed,41.55
MUNJALSHOW,.NS,Munjal Showa Limited,Listed,124.31
NATCOPHARM,.NS,Natco Pharma Limited,Listed,905.65
NATHBIOGEN,.NS,Nath Bio-Genes (India) Limited,Listed,153.3
NBCC,.NS,NBCC (INDIA) LIMITED,Listed,109.57
SJVN,.NS,SJVN Limited,Listed,72.3
SKIL,.NS,SKIL Infrastructure Limited,Listed,1.11
SONATSOFTW,.NS,Sonata Software Limited,Listed,350.05
SREEL,.NS,Sreeleathers Limited,Listed,218.68
SUBROS,.NS,Subros Limited,Listed,866.0
UNITEDTEA,.NS,The United Nilgiri Tea Estates Company Limited,Listed,443.5
VAKRANGEE,.NS,VAKRANGEE LIMITED,Listed,7.9
VAIBHAVGBL,.NS,Vaibhav Global Limited,Listed,236.21
VETO,.NS,Veto Switchgears And Cables Limited,Listed,108.62
VISAKAIND,.NS,Visaka Industries Limited,Listed,66.41
AVTNPL,.NS,AVT Natural Products Limited,Listed,66.81
AUTOAXLES,.NS,Automotive Axles Limited,Listed,1870.4
BAJAJELEC,.NS,Bajaj Electricals Limited,Listed,476.4
BAJAJHIND,.NS,Bajaj Hindusthan Sugar Limited,Listed,19.47
BALAJITELE,.NS,Balaji Telefilms Limited,Listed,108.84
BBL,.NS,Bharat Bijlee Limited,Listed,2826.0
SUNDARMFIN,.NS,Sundaram Finance Limited,Listed,4783.2
SUNTV,.NS,Sun TV Network Limited,Listed,562.5
SUPERSPIN,.NS,Super Spinning Mills Limited,Listed,8.27
